price_in_rp,bedrooms,bathrooms,land_size_m2,building_size_m2,carports,electricity,floors,year_built,garages, Bekasi, Bogor, Depok, Jakarta Barat, Jakarta Pusat, Jakarta Selatan, Jakarta Timur, Jakarta Utara, Tangerang
-2147483648,4,4,239,272,0,4400,2,2017,0,1,0,0,0,0,0,0,0,0
1270000000,3,2,55,69,1,2200,2,2018,0,1,0,0,0,0,0,0,0,0
1950000000,3,3,119,131,1,2200,2,2018,1,1,0,0,0,0,0,0,0,0
-2147483648,3,3,180,174,0,3500,2,2016,2,1,0,0,0,0,0,0,0,0
-2147483648,4,3,328,196,2,3500,2,2013,1,1,0,0,0,0,0,0,0,0
-2147483648,3,3,136,200,2,3500,2,2013,1,1,0,0,0,0,0,0,0,0
-2147483648,2,2,144,144,1,4400,2,2018,1,1,0,0,0,0,0,0,0,0
-2147483648,4,4,216,250,2,3500,2,2018,1,1,0,0,0,0,0,0,0,0
-2147483648,3,3,200,152,2,4400,2,2018,0,1,0,0,0,0,0,0,0,0
-2147483648,3,3,136,200,1,3500,2,2018,1,1,0,0,0,0,0,0,0,0
-2147483648,3,2,144,186,1,2200,2,2018,0,1,0,0,0,0,0,0,0,0
952000000,2,2,55,50,1,2200,2,2018,0,1,0,0,0,0,0,0,0,0
1800000000,2,1,119,82,1,2200,2,2013,1,1,0,0,0,0,0,0,0,0
-2147483648,3,3,144,149,1,2200,2,2014,1,1,0,0,0,0,0,0,0,0
-2147483648,3,3,144,200,1,2200,2,2014,1,1,0,0,0,0,0,0,0,0
-2147483648,3,3,193,136,1,3500,3,2015,1,1,0,0,0,0,0,0,0,0
-2147483648,5,4,192,370,2,3500,2,2018,0,1,0,0,0,0,0,0,0,0
952000000,2,2,55,50,1,2200,2,2018,0,1,0,0,0,0,0,0,0,0
-2147483648,4,3,119,150,0,2200,2,2018,0,1,0,0,0,0,0,0,0,0
-2147483648,3,2,119,150,1,2200,1,2016,1,1,0,0,0,0,0,0,0,0
-2147483648,3,3,144,150,1,2200,1,2016,0,1,0,0,0,0,0,0,0,0
125000000,3,1,110,110,0,1300,2,2022,0,1,0,0,0,0,0,0,0,0
1980000000,2,2,119,98,1,3500,2,2020,1,1,0,0,0,0,0,0,0,0
764000000,3,3,78,83,2,2200,2,2022,0,1,0,0,0,0,0,0,0,0
2000000000,3,2,164,155,0,2200,1,2010,0,1,0,0,0,0,0,0,0,0
764000000,3,3,78,83,2,2200,2,2022,0,1,0,0,0,0,0,0,0,0
-2147483648,3,2,119,140,1,3160,2,2018,0,1,0,0,0,0,0,0,0,0
-2147483648,3,2,144,186,1,2200,2,2018,1,1,0,0,0,0,0,0,0,0
480000000,2,1,55,30,1,1300,1,2022,0,1,0,0,0,0,0,0,0,0
1900000000,2,3,91,120,2,3160,2,2018,0,1,0,0,0,0,0,0,0,0
300000000,2,1,60,36,1,1300,1,2022,0,1,0,0,0,0,0,0,0,0
-2147483648,4,3,192,307,2,3500,3,2022,0,1,0,0,0,0,0,0,0,0
-2147483648,4,3,150,200,2,5500,2,2018,2,1,0,0,0,0,0,0,0,0
-2147483648,4,4,135,149,2,3500,2,2018,0,1,0,0,0,0,0,0,0,0
500000000,3,1,72,42,0,2200,1,2022,0,1,0,0,0,0,0,0,0,0
439000000,3,1,60,37,0,2200,1,2022,0,1,0,0,0,0,0,0,0,0
800000000,3,2,92,82,0,2200,2,2018,2,1,0,0,0,0,0,0,0,0
850000000,3,2,200,125,1,2200,1,2015,1,1,0,0,0,0,0,0,0,0
700000000,3,2,90,146,1,3500,2,2018,1,1,0,0,0,0,0,0,0,0
-2147483648,5,4,348,430,1,5500,2,2018,1,1,0,0,0,0,0,0,0,0
1300000000,4,4,84,105,1,2200,2,2022,1,1,0,0,0,0,0,0,0,0
1200000000,3,2,120,90,2,2200,2,2022,0,1,0,0,0,0,0,0,0,0
-2147483648,5,4,160,296,0,3500,2,2018,0,1,0,0,0,0,0,0,0,0
1300000000,4,4,84,105,1,2200,2,2022,1,1,0,0,0,0,0,0,0,0
1300000000,4,4,84,105,1,2200,2,2022,1,1,0,0,0,0,0,0,0,0
1300000000,4,3,84,105,0,3160,2,2022,0,1,0,0,0,0,0,0,0,0
425000000,2,1,90,65,0,2200,1,2011,0,1,0,0,0,0,0,0,0,0
280000000,2,1,70,40,1,1300,1,2022,1,1,0,0,0,0,0,0,0,0
999000000,6,2,127,190,1,3500,2,2021,1,1,0,0,0,0,0,0,0,0
-2147483648,5,4,400,398,2,6600,2,2015,1,1,0,0,0,0,0,0,0,0
1500000000,3,2,100,136,1,1300,2,2022,1,1,0,0,0,0,0,0,0,0
-2147483648,4,5,250,400,1,3300,1,2018,1,1,0,0,0,0,0,0,0,0
168000000,2,1,60,19,1,1300,1,2022,1,1,0,0,0,0,0,0,0,0
870000000,3,1,90,80,1,2200,2,2022,0,1,0,0,0,0,0,0,0,0
495000000,2,1,86,45,1,1300,1,2022,1,1,0,0,0,0,0,0,0,0
275000000,2,1,60,36,1,3160,1,2022,1,1,0,0,0,0,0,0,0,0
300000000,2,2,70,70,1,1300,1,2021,1,1,0,0,0,0,0,0,0,0
1440000000,2,2,55,60,1,2200,2,2018,0,1,0,0,0,0,0,0,0,0
764000000,3,3,78,83,1,2200,2,2022,0,1,0,0,0,0,0,0,0,0
1200000000,3,2,120,90,2,2200,2,2021,0,1,0,0,0,0,0,0,0,0
764000000,3,3,78,83,2,2200,2,2022,0,1,0,0,0,0,0,0,0,0
495000000,2,1,86,45,1,1300,1,2022,1,1,0,0,0,0,0,0,0,0
1500000000,4,3,100,136,2,2200,2,2022,2,1,0,0,0,0,0,0,0,0
300000000,2,1,60,36,1,1300,1,2022,1,1,0,0,0,0,0,0,0,0
365000000,2,1,60,36,1,1300,1,2018,0,1,0,0,0,0,0,0,0,0
350000000,2,1,60,38,1,1300,1,2022,0,1,0,0,0,0,0,0,0,0
351000000,2,1,60,38,1,1300,1,2020,0,1,0,0,0,0,0,0,0,0
393000000,2,1,60,36,1,1300,1,2022,0,1,0,0,0,0,0,0,0,0
392000000,2,1,72,36,1,1300,1,2021,0,1,0,0,0,0,0,0,0,0
440000000,2,1,66,36,1,1300,1,2021,1,1,0,0,0,0,0,0,0,0
351000000,2,1,60,38,1,1300,1,2020,0,1,0,0,0,0,0,0,0,0
401000000,2,1,66,38,1,1300,1,2022,0,1,0,0,0,0,0,0,0,0
1990000000,4,4,160,216,0,4400,2,2017,0,1,0,0,0,0,0,0,0,0
1150000000,3,2,126,126,1,2200,2,2015,0,1,0,0,0,0,0,0,0,0
-2147483648,5,4,376,700,2,3300,2,2015,2,1,0,0,0,0,0,0,0,0
950000000,3,2,66,87,1,2200,2,2018,1,1,0,0,0,0,0,0,0,0
1500000000,2,2,126,80,0,2200,2,2018,0,1,0,0,0,0,0,0,0,0
1250000000,2,2,84,56,1,2200,2,2018,1,1,0,0,0,0,0,0,0,0
1200000000,5,3,152,200,1,2200,2,2018,1,1,0,0,0,0,0,0,0,0
-2147483648,5,5,376,700,3,3300,2,2018,2,1,0,0,0,0,0,0,0,0
850000000,2,1,90,60,1,2200,1,2010,0,1,0,0,0,0,0,0,0,0
1280000000,3,2,139,120,1,2200,1,2018,1,1,0,0,0,0,0,0,0,0
895000000,3,3,58,90,1,2200,2,2022,1,1,0,0,0,0,0,0,0,0
1450000000,4,3,131,225,1,2200,2,2020,1,1,0,0,0,0,0,0,0,0
1300000000,2,1,126,90,1,2200,1,2010,0,1,0,0,0,0,0,0,0,0
690000000,2,2,90,60,1,1300,1,2006,0,1,0,0,0,0,0,0,0,0
950000000,2,1,90,120,1,2200,2,2018,1,1,0,0,0,0,0,0,0,0
1350000000,4,3,90,160,1,4400,2,2018,1,1,0,0,0,0,0,0,0,0
1000000000,3,2,138,120,1,2200,1,2018,1,1,0,0,0,0,0,0,0,0
-2147483648,3,3,160,216,1,2200,3,2017,1,1,0,0,0,0,0,0,0,0
1150000000,3,2,78,52,1,2200,2,2022,0,1,0,0,0,0,0,0,0,0
342000000,2,1,36,63,1,1300,1,2022,1,1,0,0,0,0,0,0,0,0
327000000,2,1,36,60,1,1300,1,2022,1,1,0,0,0,0,0,0,0,0
975000000,2,1,90,70,1,2200,1,2015,0,1,0,0,0,0,0,0,0,0
975000000,3,2,90,70,0,2200,1,2018,0,1,0,0,0,0,0,0,0,0
1370000000,4,3,105,100,0,2200,2,2015,0,1,0,0,0,0,0,0,0,0
1370000000,4,3,105,100,1,2200,2,2018,0,1,0,0,0,0,0,0,0,0
-2147483648,3,3,144,157,0,3500,2,2018,0,1,0,0,0,0,0,0,0,0
-2147483648,3,3,144,157,0,2200,2,2018,0,1,0,0,0,0,0,0,0,0
-2147483648,3,3,144,157,0,2200,2,2018,0,1,0,0,0,0,0,0,0,0
1200000000,3,2,126,94,0,1300,1,2018,0,1,0,0,0,0,0,0,0,0
1550000000,2,3,114,228,0,2200,2,2018,1,1,0,0,0,0,0,0,0,0
1250000000,2,2,108,69,0,2200,1,2017,0,1,0,0,0,0,0,0,0,0
168000000,2,1,60,29,1,1300,1,2022,1,1,0,0,0,0,0,0,0,0
1400000000,3,1,144,77,0,2200,1,2018,0,1,0,0,0,0,0,0,0,0
799000000,3,2,77,140,0,3500,2,2018,0,1,0,0,0,0,0,0,0,0
779000000,3,2,54,63,1,2200,2,2022,0,1,0,0,0,0,0,0,0,0
775000000,2,1,66,60,1,2200,1,2018,0,1,0,0,0,0,0,0,0,0
-2147483648,3,3,144,157,2,3500,2,2014,2,1,0,0,0,0,0,0,0,0
779000000,3,2,63,53,0,2200,1,2022,0,1,0,0,0,0,0,0,0,0
1750000000,2,2,179,56,1,2200,2,2020,0,1,0,0,0,0,0,0,0,0
1250000000,5,4,125,136,1,3500,2,2018,1,1,0,0,0,0,0,0,0,0
870000000,3,2,94,70,1,1300,1,2015,0,1,0,0,0,0,0,0,0,0
1500000000,2,2,126,80,0,2200,2,2018,0,1,0,0,0,0,0,0,0,0
1500000000,3,2,105,105,0,2200,2,2018,0,1,0,0,0,0,0,0,0,0
-2147483648,4,4,325,200,2,3160,3,2018,1,1,0,0,0,0,0,0,0,0
1300000000,2,2,90,90,0,2200,2,2018,0,1,0,0,0,0,0,0,0,0
1300000000,2,2,90,90,0,3160,2,2018,0,1,0,0,0,0,0,0,0,0
1800000000,2,2,133,80,1,2200,2,2018,1,1,0,0,0,0,0,0,0,0
520000000,3,1,36,60,0,1300,1,2018,1,1,0,0,0,0,0,0,0,0
1300000000,2,2,84,56,2,2200,2,2018,0,1,0,0,0,0,0,0,0,0
685000000,2,1,94,110,1,2200,1,2016,1,1,0,0,0,0,0,0,0,0
930000000,2,1,105,70,1,1300,1,2016,1,1,0,0,0,0,0,0,0,0
685000000,2,1,94,110,1,3160,1,2016,1,1,0,0,0,0,0,0,0,0
2100000000,4,3,180,150,2,3160,2,2018,0,1,0,0,0,0,0,0,0,0
520000000,3,1,60,45,1,1300,1,2018,0,1,0,0,0,0,0,0,0,0
520000000,3,1,60,45,1,1300,1,2018,0,1,0,0,0,0,0,0,0,0
1200000000,2,1,119,63,1,2200,1,2015,1,1,0,0,0,0,0,0,0,0
1200000000,2,1,119,63,0,2200,1,2018,0,1,0,0,0,0,0,0,0,0
-2147483648,3,2,144,121,0,2200,1,2018,0,1,0,0,0,0,0,0,0,0
1450000000,4,3,131,225,2,2200,2,2018,0,1,0,0,0,0,0,0,0,0
1200000000,2,2,90,53,1,2200,2,2018,1,1,0,0,0,0,0,0,0,0
1450000000,4,3,131,225,2,2200,2,2018,0,1,0,0,0,0,0,0,0,0
1400000000,2,2,108,69,2,2200,2,2018,0,1,0,0,0,0,0,0,0,0
620000000,2,1,96,70,1,1300,1,2018,0,1,0,0,0,0,0,0,0,0
1450000000,2,2,144,110,1,3500,1,2018,0,1,0,0,0,0,0,0,0,0
1800000000,3,2,144,120,0,2200,1,2018,0,1,0,0,0,0,0,0,0,0
1600000000,3,2,160,260,0,2200,2,2018,0,1,0,0,0,0,0,0,0,0
-2147483648,4,5,160,280,0,7600,2,2018,0,1,0,0,0,0,0,0,0,0
-2147483648,4,5,160,280,0,7600,2,2018,0,1,0,0,0,0,0,0,0,0
1600000000,3,2,120,260,0,2200,2,2018,0,1,0,0,0,0,0,0,0,0
1800000000,3,2,144,120,0,2200,1,2018,0,1,0,0,0,0,0,0,0,0
-2147483648,3,3,270,175,2,5500,2,2018,0,1,0,0,0,0,0,0,0,0
1400000000,2,2,108,69,1,2200,2,2018,0,1,0,0,0,0,0,0,0,0
970000000,3,2,53,63,1,1300,2,2022,0,1,0,0,0,0,0,0,0,0
575000000,2,1,60,55,1,1300,2,2022,1,1,0,0,0,0,0,0,0,0
900000000,3,2,72,69,1,1300,2,2020,1,1,0,0,0,0,0,0,0,0
1250000000,3,3,60,110,2,2200,3,2022,0,1,0,0,0,0,0,0,0,0
525000000,3,1,72,42,1,1300,1,2022,1,1,0,0,0,0,0,0,0,0
510000000,2,1,70,38,1,1300,1,2022,1,1,0,0,0,0,0,0,0,0
895000000,2,2,92,120,1,1300,2,2015,0,1,0,0,0,0,0,0,0,0
-2147483648,4,3,135,110,2,5500,2,2018,0,1,0,0,0,0,0,0,0,0
1650000000,4,3,165,180,2,2200,2,2015,2,1,0,0,0,0,0,0,0,0
690000000,1,1,94,75,1,1300,1,2021,1,1,0,0,0,0,0,0,0,0
750000000,2,1,78,54,1,1300,1,2021,0,1,0,0,0,0,0,0,0,0
764000000,3,3,78,83,2,2200,2,2022,0,1,0,0,0,0,0,0,0,0
764000000,3,3,78,83,2,2200,2,2022,0,1,0,0,0,0,0,0,0,0
42000000,2,2,60,40,1,1300,1,2021,0,1,0,0,0,0,0,0,0,0
1400000000,3,3,77,150,1,3300,3,2018,0,1,0,0,0,0,0,0,0,0
500000000,2,2,60,48,1,2200,2,2022,1,1,0,0,0,0,0,0,0,0
342000000,2,1,66,63,1,1300,1,2022,2,1,0,0,0,0,0,0,0,0
764000000,3,3,78,83,2,2200,2,2022,0,1,0,0,0,0,0,0,0,0
764000000,3,3,78,83,2,2200,2,2022,0,1,0,0,0,0,0,0,0,0
500000000,2,2,60,48,1,2200,1,2022,1,1,0,0,0,0,0,0,0,0
1150000000,2,1,90,70,1,2200,1,2018,0,1,0,0,0,0,0,0,0,0
599000000,2,1,72,60,1,1300,1,2018,1,1,0,0,0,0,0,0,0,0
1680000000,3,2,200,90,1,2200,1,2018,1,1,0,0,0,0,0,0,0,0
1560000000,3,3,121,105,2,2200,2,2022,2,1,0,0,0,0,0,0,0,0
1180000000,3,3,84,77,2,1300,2,2020,0,1,0,0,0,0,0,0,0,0
1180000000,3,2,84,77,2,2200,2,2022,0,1,0,0,0,0,0,0,0,0
990000000,3,2,95,60,2,2200,2,2022,0,1,0,0,0,0,0,0,0,0
800000000,3,2,84,91,1,2200,2,2022,0,1,0,0,0,0,0,0,0,0
718000000,2,1,72,40,2,1300,1,2022,1,1,0,0,0,0,0,0,0,0
1390000000,3,2,60,64,1,2200,2,2023,0,1,0,0,0,0,0,0,0,0
764000000,3,3,78,83,2,2200,2,2022,0,1,0,0,0,0,0,0,0,0
1200000000,4,3,86,115,1,2200,2,2022,0,1,0,0,0,0,0,0,0,0
1310000000,3,3,86,115,1,2200,2,2022,1,1,0,0,0,0,0,0,0,0
680000000,2,1,72,36,1,1300,1,2018,0,1,0,0,0,0,0,0,0,0
680000000,2,1,72,36,0,1300,1,2018,1,1,0,0,0,0,0,0,0,0
1200000000,3,2,165,90,0,1300,1,2018,1,1,0,0,0,0,0,0,0,0
680000000,2,1,72,36,0,1300,1,2018,1,1,0,0,0,0,0,0,0,0
680000000,2,1,72,36,0,1300,1,2018,1,1,0,0,0,0,0,0,0,0
1200000000,3,2,165,90,0,1300,1,2018,1,1,0,0,0,0,0,0,0,0
680000000,2,1,72,36,1,1300,1,2018,1,1,0,0,0,0,0,0,0,0
1200000000,3,2,165,90,1,1300,1,2018,1,1,0,0,0,0,0,0,0,0
390000000,2,1,60,36,1,1300,1,2022,1,1,0,0,0,0,0,0,0,0
455000000,2,1,70,41,1,2200,1,2022,0,1,0,0,0,0,0,0,0,0
1010000000,3,2,125,65,1,2200,2,2022,0,1,0,0,0,0,0,0,0,0
690000000,2,1,96,48,1,2200,1,2022,0,1,0,0,0,0,0,0,0,0
988000000,3,2,72,60,1,2200,2,2022,1,1,0,0,0,0,0,0,0,0
465000000,2,1,60,55,1,1300,1,2019,1,1,0,0,0,0,0,0,0,0
480000000,2,2,60,55,1,2200,2,2019,1,1,0,0,0,0,0,0,0,0
625000000,2,1,72,48,1,1300,1,2022,0,1,0,0,0,0,0,0,0,0
-2147483648,4,4,210,310,1,3300,2,2015,0,1,0,0,0,0,0,0,0,0
1180000000,3,2,84,77,0,2200,2,2021,0,1,0,0,0,0,0,0,0,0
1080000000,2,2,105,90,0,2200,2,2018,1,1,0,0,0,0,0,0,0,0
1050000000,2,1,90,70,1,2200,1,2007,1,1,0,0,0,0,0,0,0,0
1080000000,2,2,105,90,1,2200,2,2018,0,1,0,0,0,0,0,0,0,0
1150000000,2,1,90,70,1,2200,1,2018,0,1,0,0,0,0,0,0,0,0
1080000000,2,2,105,90,1,2200,2,2018,1,1,0,0,0,0,0,0,0,0
1080000000,2,2,105,90,0,2200,2,2018,1,1,0,0,0,0,0,0,0,0
1150000000,2,1,90,70,1,2200,1,2018,0,1,0,0,0,0,0,0,0,0
1150000000,2,1,90,70,1,2200,1,2018,0,1,0,0,0,0,0,0,0,0
1150000000,2,1,90,70,1,2200,1,2018,0,1,0,0,0,0,0,0,0,0
1210000000,3,3,84,77,1,2200,1,2022,0,1,0,0,0,0,0,0,0,0
1180000000,3,3,84,77,1,2200,2,2021,0,1,0,0,0,0,0,0,0,0
1150000000,2,1,90,70,2,2200,1,2009,0,1,0,0,0,0,0,0,0,0
1180000000,3,3,84,77,2,1300,2,2018,0,1,0,0,0,0,0,0,0,0
968000000,2,1,89,52,1,1300,1,2022,0,1,0,0,0,0,0,0,0,0
1650000000,4,3,165,180,2,2200,2,2015,2,1,0,0,0,0,0,0,0,0
1180000000,3,3,84,77,2,2200,2,2019,0,1,0,0,0,0,0,0,0,0
720000000,2,1,80,55,1,3160,1,2022,0,1,0,0,0,0,0,0,0,0
1300000000,4,3,84,105,2,2200,2,2022,1,1,0,0,0,0,0,0,0,0
1190000000,3,2,101,84,1,2200,2,2022,0,1,0,0,0,0,0,0,0,0
1180000000,3,2,84,77,1,2200,2,2022,1,1,0,0,0,0,0,0,0,0
1300000000,3,3,87,77,1,2200,2,2022,0,1,0,0,0,0,0,0,0,0
600000000,2,1,80,55,1,1300,1,2022,1,1,0,0,0,0,0,0,0,0
500000000,2,1,70,45,0,1300,1,2022,0,1,0,0,0,0,0,0,0,0
1100000000,3,3,82,72,0,2200,2,2022,0,1,0,0,0,0,0,0,0,0
1280000000,3,3,92,130,1,2200,2,2018,1,1,0,0,0,0,0,0,0,0
-2147483648,3,4,216,300,3,5500,3,2012,2,1,0,0,0,0,0,0,0,0
1070000000,4,2,95,88,1,3500,1,2022,1,1,0,0,0,0,0,0,0,0
476000000,2,1,52,36,1,1300,1,2022,0,1,0,0,0,0,0,0,0,0
968000000,3,3,70,120,2,3500,2,2022,2,1,0,0,0,0,0,0,0,0
884000000,3,2,70,65,1,2200,1,2022,1,1,0,0,0,0,0,0,0,0
1180000000,4,3,95,140,2,3500,2,2022,2,1,0,0,0,0,0,0,0,0
-2147483648,5,4,183,136,2,2200,2,2022,0,1,0,0,0,0,0,0,0,0
1100000000,3,3,180,172,1,2200,1,2010,1,1,0,0,0,0,0,0,0,0
-2147483648,3,2,175,250,1,3500,2,2004,1,1,0,0,0,0,0,0,0,0
1800000000,3,2,115,113,1,4400,1,2018,1,1,0,0,0,0,0,0,0,0
800000000,2,1,97,76,0,1300,1,2018,0,1,0,0,0,0,0,0,0,0
920000000,3,2,70,85,2,2200,2,2022,0,1,0,0,0,0,0,0,0,0
1970000000,4,4,91,165,2,2200,3,2022,0,1,0,0,0,0,0,0,0,0
1990000000,3,3,178,110,0,2200,1,2017,0,1,0,0,0,0,0,0,0,0
1250000000,4,3,154,150,1,2200,1,2017,0,1,0,0,0,0,0,0,0,0
-2147483648,6,4,707,338,2,3500,2,2010,1,1,0,0,0,0,0,0,0,0
1110000000,3,3,75,80,2,2200,2,2022,0,1,0,0,0,0,0,0,0,0
1870000000,3,4,91,165,2,2200,3,2022,0,1,0,0,0,0,0,0,0,0
1590000000,3,3,118,156,2,2200,2,2018,0,1,0,0,0,0,0,0,0,0
1620000000,3,3,118,156,2,2200,2,2018,0,1,0,0,0,0,0,0,0,0
500000000,2,1,64,47,1,2200,1,2022,0,1,0,0,0,0,0,0,0,0
750000000,2,1,78,54,2,2200,1,2022,0,1,0,0,0,0,0,0,0,0
600000000,2,2,65,53,1,2200,2,2022,0,1,0,0,0,0,0,0,0,0
799000000,2,1,97,70,0,2200,1,2018,1,1,0,0,0,0,0,0,0,0
799000000,2,1,97,70,0,2200,1,2018,1,1,0,0,0,0,0,0,0,0
799000000,2,1,97,70,1,2200,1,2018,1,1,0,0,0,0,0,0,0,0
959000000,3,2,96,80,1,2200,2,2022,0,1,0,0,0,0,0,0,0,0
774000000,3,2,70,70,1,2200,2,2022,0,1,0,0,0,0,0,0,0,0
995000000,3,2,80,90,0,2200,2,2021,1,1,0,0,0,0,0,0,0,0
1400000000,2,2,112,71,1,2200,2,2018,0,1,0,0,0,0,0,0,0,0
1050000000,3,2,72,90,1,2200,2,2022,2,1,0,0,0,0,0,0,0,0
975000000,3,2,100,70,1,1300,2,2022,0,1,0,0,0,0,0,0,0,0
620000000,2,1,72,50,1,1300,1,2016,1,1,0,0,0,0,0,0,0,0
959000000,3,2,72,80,1,2200,2,2022,0,1,0,0,0,0,0,0,0,0
875000000,3,2,100,66,1,1300,1,2022,0,1,0,0,0,0,0,0,0,0
600000000,2,1,72,50,0,1300,1,2020,1,1,0,0,0,0,0,0,0,0
807000000,3,2,42,63,1,2200,2,2022,1,1,0,0,0,0,0,0,0,0
580000000,3,1,60,50,1,1300,1,2022,1,1,0,0,0,0,0,0,0,0
679000000,2,1,63,45,1,1300,1,2022,1,1,0,0,0,0,0,0,0,0
900000000,3,2,72,80,1,2200,2,2022,0,1,0,0,0,0,0,0,0,0
849000000,3,2,70,90,2,2200,2,2018,2,1,0,0,0,0,0,0,0,0
880000000,3,2,75,66,1,2200,2,2022,0,1,0,0,0,0,0,0,0,0
695000000,2,2,65,58,1,2200,2,2022,0,1,0,0,0,0,0,0,0,0
465000000,2,1,60,36,1,1300,1,2022,0,1,0,0,0,0,0,0,0,0
857000000,2,2,42,62,1,2200,2,2022,1,1,0,0,0,0,0,0,0,0
650000000,2,1,72,45,1,1300,1,2022,1,1,0,0,0,0,0,0,0,0
145000000,4,3,175,140,1,2200,1,2022,0,1,0,0,0,0,0,0,0,0
1990000000,4,4,300,250,0,4400,2,2018,1,1,0,0,0,0,0,0,0,0
675000000,3,3,99,71,2,1300,1,2017,0,1,0,0,0,0,0,0,0,0
350000000,2,1,66,57,1,1300,1,2008,1,1,0,0,0,0,0,0,0,0
350000000,2,1,66,57,1,1300,1,2007,1,1,0,0,0,0,0,0,0,0
-2147483648,5,4,250,252,0,3160,2,2015,1,1,0,0,0,0,0,0,0,0
-2147483648,5,4,250,252,0,3160,2,2015,1,1,0,0,0,0,0,0,0,0
-2147483648,5,4,250,252,0,3160,2,2015,1,1,0,0,0,0,0,0,0,0
750000000,2,1,78,54,1,1300,1,2022,0,1,0,0,0,0,0,0,0,0
400000000,2,1,70,42,2,1300,1,2022,2,1,0,0,0,0,0,0,0,0
750000000,2,1,78,54,1,1300,1,2021,0,1,0,0,0,0,0,0,0,0
550000000,2,1,60,40,1,2200,2,2022,0,1,0,0,0,0,0,0,0,0
700000000,3,2,78,54,2,2200,1,2022,2,1,0,0,0,0,0,0,0,0
682000000,2,1,63,45,1,1300,1,2021,0,1,0,0,0,0,0,0,0,0
-2147483648,3,3,200,300,0,3300,2,2014,0,1,0,0,0,0,0,0,0,0
1200000000,3,2,165,90,0,1300,1,2018,1,1,0,0,0,0,0,0,0,0
-2147483648,4,3,382,350,2,4400,2,2015,0,1,0,0,0,0,0,0,0,0
-2147483648,4,4,612,376,0,10600,2,2011,0,1,0,0,0,0,0,0,0,0
1250000000,3,2,112,65,1,2200,1,2013,1,1,0,0,0,0,0,0,0,0
-2147483648,3,2,160,127,0,2200,2,2018,0,1,0,0,0,0,0,0,0,0
-2147483648,3,2,160,127,0,2200,1,2018,0,1,0,0,0,0,0,0,0,0
410000000,2,1,60,36,1,3160,1,2022,0,1,0,0,0,0,0,0,0,0
1960000000,4,3,105,101,4,4400,3,2022,0,1,0,0,0,0,0,0,0,0
875000000,2,2,66,42,0,1300,1,2019,0,1,0,0,0,0,0,0,0,0
695000000,2,2,60,58,1,2200,1,2022,0,1,0,0,0,0,0,0,0,0
1800000000,4,3,140,170,2,4400,2,2021,0,1,0,0,0,0,0,0,0,0
1050000000,3,2,72,90,1,2200,2,2022,2,1,0,0,0,0,0,0,0,0
1050000000,3,2,72,90,1,2200,2,2022,2,1,0,0,0,0,0,0,0,0
1050000000,3,2,72,90,1,2200,2,2022,2,1,0,0,0,0,0,0,0,0
1050000000,3,2,72,90,1,2200,2,2022,2,1,0,0,0,0,0,0,0,0
1050000000,3,2,72,90,1,2200,2,2022,2,1,0,0,0,0,0,0,0,0
1250000000,3,2,105,100,2,2200,2,2018,0,1,0,0,0,0,0,0,0,0
1690000000,5,5,182,300,1,4400,2,2010,0,1,0,0,0,0,0,0,0,0
1620000000,3,3,92,170,2,3500,2,2022,1,1,0,0,0,0,0,0,0,0
735000000,2,1,84,47,1,1300,1,2021,0,1,0,0,0,0,0,0,0,0
1620000000,3,3,92,160,2,3500,2,2022,0,1,0,0,0,0,0,0,0,0
2100000000,4,2,120,200,1,3300,3,2021,0,1,0,0,0,0,0,0,0,0
799000000,2,1,92,48,1,2200,1,2022,0,1,0,0,0,0,0,0,0,0
-2147483648,4,2,160,285,2,3500,2,2018,0,1,0,0,0,0,0,0,0,0
1250000000,3,3,123,165,2,2200,2,2021,0,1,0,0,0,0,0,0,0,0
1200000000,3,2,77,109,1,2200,2,2022,0,1,0,0,0,0,0,0,0,0
1050000000,3,2,72,90,2,2200,2,2022,0,1,0,0,0,0,0,0,0,0
1350000000,3,2,160,205,1,2200,2,2018,0,1,0,0,0,0,0,0,0,0
700000000,3,2,78,46,2,2200,1,2022,2,1,0,0,0,0,0,0,0,0
-2147483648,3,2,154,154,1,2200,1,2018,1,1,0,0,0,0,0,0,0,0
703000000,2,1,75,55,1,1300,2,2022,1,1,0,0,0,0,0,0,0,0
1050000000,3,2,72,108,2,2200,2,2022,0,1,0,0,0,0,0,0,0,0
1050000000,3,2,72,108,1,2200,2,2022,1,1,0,0,0,0,0,0,0,0
950000000,3,2,66,87,1,2200,2,2018,0,1,0,0,0,0,0,0,0,0
-2147483648,3,3,136,150,0,2200,2,2018,0,1,0,0,0,0,0,0,0,0
950000000,3,2,66,87,1,2200,2,2018,1,1,0,0,0,0,0,0,0,0
999000000,3,2,75,99,1,1300,1,2022,1,1,0,0,0,0,0,0,0,0
2100000000,3,3,104,120,0,2200,1,2022,0,1,0,0,0,0,0,0,0,0
545000000,2,1,72,42,1,1300,1,2022,0,1,0,0,0,0,0,0,0,0
725000000,3,2,80,121,0,2200,1,2018,1,1,0,0,0,0,0,0,0,0
463000000,2,1,60,29,1,900,1,2010,0,1,0,0,0,0,0,0,0,0
575000000,4,2,98,165,1,3300,2,2018,0,1,0,0,0,0,0,0,0,0
320000000,2,1,108,135,0,1300,1,2016,1,1,0,0,0,0,0,0,0,0
468000000,2,1,72,45,1,1300,1,2022,1,1,0,0,0,0,0,0,0,0
168000000,2,1,60,29,1,1300,1,2022,1,1,0,0,0,0,0,0,0,0
875000000,3,1,90,75,0,1300,1,2022,0,1,0,0,0,0,0,0,0,0
496000000,2,1,72,36,1,2200,1,2022,0,1,0,0,0,0,0,0,0,0
779000000,3,2,53,63,1,2200,2,2022,0,1,0,0,0,0,0,0,0,0
800000000,3,1,90,69,1,1300,1,2018,1,1,0,0,0,0,0,0,0,0
800000000,3,1,90,69,1,1300,1,2018,1,1,0,0,0,0,0,0,0,0
764000000,3,3,78,83,2,2200,2,2022,0,1,0,0,0,0,0,0,0,0
1600000000,4,3,186,200,1,4400,2,2018,1,1,0,0,0,0,0,0,0,0
1150000000,4,3,105,140,1,2200,1,2018,0,1,0,0,0,0,0,0,0,0
764000000,3,3,78,83,2,2200,2,2022,0,1,0,0,0,0,0,0,0,0
42000000,2,2,60,40,1,1300,1,2021,0,1,0,0,0,0,0,0,0,0
1350000000,2,2,180,150,1,1300,1,2016,1,1,0,0,0,0,0,0,0,0
-2147483648,4,2,210,230,0,2200,2,2016,0,1,0,0,0,0,0,0,0,0
2000000000,3,3,118,71,0,2200,2,2018,0,1,0,0,0,0,0,0,0,0
625000000,2,1,75,48,1,2200,1,2022,0,1,0,0,0,0,0,0,0,0
1600000000,2,2,119,100,1,1300,2,2017,1,1,0,0,0,0,0,0,0,0
680000000,2,1,72,36,1,1300,1,2018,1,1,0,0,0,0,0,0,0,0
490000000,2,1,72,45,1,1300,1,2021,0,1,0,0,0,0,0,0,0,0
665000000,3,1,97,54,1,1300,1,2022,0,1,0,0,0,0,0,0,0,0
445000000,2,1,97,54,1,1300,1,2022,0,1,0,0,0,0,0,0,0,0
570000000,2,1,97,54,1,1300,1,2022,1,1,0,0,0,0,0,0,0,0
1050000000,2,1,119,84,0,3300,1,2021,0,1,0,0,0,0,0,0,0,0
1500000000,2,1,250,180,1,1300,1,2011,1,1,0,0,0,0,0,0,0,0
665000000,3,1,97,54,1,1300,1,2022,0,1,0,0,0,0,0,0,0,0
665000000,3,1,97,54,1,1300,1,2022,0,1,0,0,0,0,0,0,0,0
950000000,3,2,66,87,1,2200,2,2018,0,1,0,0,0,0,0,0,0,0
650000000,2,1,72,60,1,1300,1,2022,1,1,0,0,0,0,0,0,0,0
975000000,3,1,120,60,1,1300,1,2016,0,1,0,0,0,0,0,0,0,0
799000000,2,1,97,70,1,2200,1,2018,1,1,0,0,0,0,0,0,0,0
-2147483648,3,4,216,300,3,5500,3,2012,2,1,0,0,0,0,0,0,0,0
950000000,3,2,66,87,1,2200,2,2018,0,1,0,0,0,0,0,0,0,0
350000000,2,1,60,36,1,1300,1,2022,0,1,0,0,0,0,0,0,0,0
524000000,2,1,40,66,1,1300,1,2022,0,1,0,0,0,0,0,0,0,0
325000000,2,1,60,45,1,1300,1,2022,1,1,0,0,0,0,0,0,0,0
325000000,2,1,60,45,1,1300,1,2022,1,1,0,0,0,0,0,0,0,0
335000000,3,1,60,45,1,1300,1,2018,1,1,0,0,0,0,0,0,0,0
310000000,2,1,60,45,1,1300,1,2018,1,1,0,0,0,0,0,0,0,0
1500000000,3,2,120,88,1,2200,1,2018,0,1,0,0,0,0,0,0,0,0
1500000000,3,2,120,88,1,3160,1,2018,0,1,0,0,0,0,0,0,0,0
-2147483648,2,1,72,39,1,1300,1,2022,0,1,0,0,0,0,0,0,0,0
327000000,2,1,36,61,1,1300,1,2022,0,1,0,0,0,0,0,0,0,0
332000000,2,1,36,61,1,1300,1,2022,2,1,0,0,0,0,0,0,0,0
395000000,2,1,60,40,1,1300,1,2018,0,1,0,0,0,0,0,0,0,0
168000000,2,1,60,29,0,1300,1,2022,0,1,0,0,0,0,0,0,0,0
395000000,2,1,60,40,1,2200,1,2018,0,1,0,0,0,0,0,0,0,0
360000000,2,1,62,62,0,1300,1,2018,1,1,0,0,0,0,0,0,0,0
350000000,2,1,72,45,0,1300,1,2018,1,1,0,0,0,0,0,0,0,0
370000000,3,2,60,75,1,1300,1,2018,0,1,0,0,0,0,0,0,0,0
320000000,2,1,60,45,1,1300,1,2018,0,1,0,0,0,0,0,0,0,0
853000000,2,1,55,60,1,2200,2,2018,0,1,0,0,0,0,0,0,0,0
550000000,2,1,60,36,1,3160,1,2018,0,1,0,0,0,0,0,0,0,0
-2147483648,4,4,162,230,1,3500,2,2018,0,1,0,0,0,0,0,0,0,0
1950000000,4,2,220,200,2,4400,2,2010,1,1,0,0,0,0,0,0,0,0
1960000000,3,2,90,85,0,1300,2,2018,0,1,0,0,0,0,0,0,0,0
1150000000,4,2,90,150,1,2200,2,2018,0,1,0,0,0,0,0,0,0,0
1800000000,2,3,120,84,1,2200,1,2020,0,1,0,0,0,0,0,0,0,0
1400000000,3,2,130,150,1,2200,1,2004,1,1,0,0,0,0,0,0,0,0
1400000000,3,2,130,150,1,2200,1,2004,1,1,0,0,0,0,0,0,0,0
1250000000,3,2,90,81,1,2200,1,2018,0,1,0,0,0,0,0,0,0,0
-2147483648,5,3,255,280,2,5500,2,2016,0,1,0,0,0,0,0,0,0,0
-2147483648,5,4,337,550,2,4400,2,2018,0,1,0,0,0,0,0,0,0,0
-2147483648,5,5,343,400,3,3500,2,2018,0,1,0,0,0,0,0,0,0,0
850000000,2,1,90,110,0,2200,2,2018,0,1,0,0,0,0,0,0,0,0
1850000000,3,2,215,135,1,5500,1,2017,0,1,0,0,0,0,0,0,0,0
1080000000,2,2,105,90,1,2200,2,2018,1,1,0,0,0,0,0,0,0,0
1200000000,3,2,165,90,1,1300,1,2018,1,1,0,0,0,0,0,0,0,0
390000000,2,1,73,36,1,1300,1,2022,1,1,0,0,0,0,0,0,0,0
-2147483648,6,4,225,211,1,3500,2,2018,1,1,0,0,0,0,0,0,0,0
-2147483648,4,4,160,128,2,3500,2,2022,0,1,0,0,0,0,0,0,0,0
590000000,3,2,153,150,1,1300,1,2018,1,1,0,0,0,0,0,0,0,0
990000000,3,2,220,123,1,1300,1,2018,0,1,0,0,0,0,0,0,0,0
2000000000,2,1,216,96,1,1300,1,2018,1,1,0,0,0,0,0,0,0,0
635000000,2,1,55,86,0,1300,1,2022,0,1,0,0,0,0,0,0,0,0
475000000,2,1,78,41,1,2200,1,2022,1,1,0,0,0,0,0,0,0,0
525000000,3,2,60,80,1,1300,1,2018,0,1,0,0,0,0,0,0,0,0
525000000,3,2,60,80,1,1300,1,2018,0,1,0,0,0,0,0,0,0,0
375000000,3,2,60,60,0,900,1,2018,0,1,0,0,0,0,0,0,0,0
1100000000,3,2,65,90,1,2200,2,2012,0,1,0,0,0,0,0,0,0,0
2000000000,2,1,216,100,1,1300,1,2018,1,1,0,0,0,0,0,0,0,0
764000000,3,3,78,83,2,2200,2,2022,0,1,0,0,0,0,0,0,0,0
764000000,3,3,78,83,2,2200,2,2022,0,1,0,0,0,0,0,0,0,0
920000000,4,3,113,85,2,2200,2,2022,0,1,0,0,0,0,0,0,0,0
774000000,3,2,70,70,1,2200,2,2022,0,1,0,0,0,0,0,0,0,0
1700000000,3,2,125,160,2,2200,2,2022,0,1,0,0,0,0,0,0,0,0
-2147483648,4,4,209,300,2,11000,2,2017,1,1,0,0,0,0,0,0,0,0
-2147483648,6,5,209,300,2,11000,2,2017,1,1,0,0,0,0,0,0,0,0
-2147483648,6,4,500,450,0,8000,3,2013,0,1,0,0,0,0,0,0,0,0
1700000000,3,2,102,150,1,3300,2,2017,1,1,0,0,0,0,0,0,0,0
-2147483648,6,5,209,300,1,3160,2,2018,2,1,0,0,0,0,0,0,0,0
1250000000,2,2,98,80,1,2200,1,2015,1,1,0,0,0,0,0,0,0,0
-2147483648,3,3,181,180,2,2200,2,2021,0,1,0,0,0,0,0,0,0,0
-2147483648,11,4,487,650,3,4400,2,2001,1,1,0,0,0,0,0,0,0,0
1800000000,3,3,90,135,1,3300,2,2018,0,1,0,0,0,0,0,0,0,0
1000000000,2,2,90,70,2,2200,2,2018,0,1,0,0,0,0,0,0,0,0
800000000,2,1,90,54,1,1300,1,2016,1,1,0,0,0,0,0,0,0,0
895000000,3,1,120,120,2,1300,1,2018,0,1,0,0,0,0,0,0,0,0
450000000,1,1,60,60,1,1300,1,2018,0,1,0,0,0,0,0,0,0,0
1500000000,3,2,120,88,1,2200,1,2020,0,1,0,0,0,0,0,0,0,0
590000000,2,1,90,54,1,1300,1,2018,0,1,0,0,0,0,0,0,0,0
590000000,2,1,90,54,1,1300,1,2018,0,1,0,0,0,0,0,0,0,0
1500000000,2,1,120,88,1,2200,1,2018,0,1,0,0,0,0,0,0,0,0
1250000000,3,2,105,130,1,2200,1,2018,1,1,0,0,0,0,0,0,0,0
1250000000,3,2,105,130,1,2200,2,2018,1,1,0,0,0,0,0,0,0,0
970000000,3,2,56,63,1,1300,2,2022,0,1,0,0,0,0,0,0,0,0
779000000,3,2,53,63,1,1300,2,2022,0,1,0,0,0,0,0,0,0,0
550000000,2,1,90,54,1,1300,1,2018,0,1,0,0,0,0,0,0,0,0
550000000,2,1,90,54,1,1300,1,2018,0,1,0,0,0,0,0,0,0,0
375000000,2,1,72,60,0,1300,1,2012,2,1,0,0,0,0,0,0,0,0
550000000,3,2,120,100,1,2200,1,2018,0,1,0,0,0,0,0,0,0,0
550000000,2,1,75,35,1,1300,1,2018,0,1,0,0,0,0,0,0,0,0
455000000,2,1,72,45,1,1300,1,2022,0,1,0,0,0,0,0,0,0,0
900000000,2,1,120,90,1,1300,1,2020,0,1,0,0,0,0,0,0,0,0
390000000,3,2,60,36,0,1300,1,2022,0,1,0,0,0,0,0,0,0,0
967000000,3,3,82,68,1,2200,2,2021,1,1,0,0,0,0,0,0,0,0
1500000000,5,2,240,150,0,3500,1,2018,1,1,0,0,0,0,0,0,0,0
-2147483648,5,4,200,180,2,3500,2,2014,3,1,0,0,0,0,0,0,0,0
390000000,2,1,60,30,1,1300,1,2022,0,1,0,0,0,0,0,0,0,0
409000000,2,1,60,40,0,1300,1,2022,0,1,0,0,0,0,0,0,0,0
168000000,2,1,60,30,1,1300,1,2022,1,1,0,0,0,0,0,0,0,0
300000000,2,1,60,36,1,1300,1,2022,0,1,0,0,0,0,0,0,0,0
1650000000,4,1,123,100,1,2200,1,2018,0,1,0,0,0,0,0,0,0,0
450000000,3,2,120,100,1,1300,1,2014,1,1,0,0,0,0,0,0,0,0
900000000,3,2,150,100,0,3160,1,2018,0,1,0,0,0,0,0,0,0,0
750000000,3,2,50,100,1,1300,2,2022,1,1,0,0,0,0,0,0,0,0
1050000000,3,2,72,90,1,2200,2,2022,2,1,0,0,0,0,0,0,0,0
-2147483648,3,2,194,200,0,1300,1,2018,0,1,0,0,0,0,0,0,0,0
300000000,2,1,52,45,0,1300,1,2022,0,1,0,0,0,0,0,0,0,0
795000000,4,2,90,150,1,2200,2,2017,0,1,0,0,0,0,0,0,0,0
1000000000,3,2,72,108,1,2200,2,2022,0,1,0,0,0,0,0,0,0,0
1900000000,3,2,136,66,1,2200,1,2010,0,1,0,0,0,0,0,0,0,0
1180000000,3,3,84,77,1,2200,2,2021,0,1,0,0,0,0,0,0,0,0
1430000000,4,3,105,95,2,2200,2,2018,0,1,0,0,0,0,0,0,0,0
1180000000,3,2,84,77,1,1300,2,2022,1,1,0,0,0,0,0,0,0,0
400000000,2,1,60,38,1,1300,1,2022,0,1,0,0,0,0,0,0,0,0
1470000000,2,2,84,62,1,2200,2,2022,0,1,0,0,0,0,0,0,0,0
440000000,2,2,78,54,1,900,1,2015,0,1,0,0,0,0,0,0,0,0
324000000,2,1,72,36,0,1300,1,2021,0,1,0,0,0,0,0,0,0,0
764000000,3,3,78,83,2,2200,2,2022,0,1,0,0,0,0,0,0,0,0
764000000,3,3,78,83,2,2200,2,2022,0,1,0,0,0,0,0,0,0,0
764000000,3,3,78,83,2,2200,2,2022,0,1,0,0,0,0,0,0,0,0
1900000000,3,3,150,195,2,2200,2,2021,0,1,0,0,0,0,0,0,0,0
650000000,2,2,50,68,1,1300,2,2022,0,1,0,0,0,0,0,0,0,0
1450000000,4,3,158,272,1,2200,2,2019,2,1,0,0,0,0,0,0,0,0
650000000,2,2,50,68,2,1300,2,2022,0,1,0,0,0,0,0,0,0,0
925000000,3,2,108,80,1,1300,1,2022,0,1,0,0,0,0,0,0,0,0
950000000,3,2,66,87,1,2200,2,2018,0,1,0,0,0,0,0,0,0,0
1300000000,4,2,95,150,1,2200,2,2018,0,1,0,0,0,0,0,0,0,0
1350000000,4,2,95,150,1,2200,2,2008,1,1,0,0,0,0,0,0,0,0
490000000,2,1,66,30,1,1300,1,2022,0,1,0,0,0,0,0,0,0,0
650000000,3,2,120,100,1,1300,1,2018,1,1,0,0,0,0,0,0,0,0
720000000,2,1,100,85,1,1300,1,2018,1,1,0,0,0,0,0,0,0,0
875000000,3,2,66,100,1,2200,2,2018,1,1,0,0,0,0,0,0,0,0
875000000,3,2,66,100,1,2200,2,2018,1,1,0,0,0,0,0,0,0,0
875000000,3,2,66,100,1,2200,2,2018,1,1,0,0,0,0,0,0,0,0
1490000000,3,2,72,135,1,2200,2,2021,0,1,0,0,0,0,0,0,0,0
-2147483648,4,3,168,250,2,4400,1,2018,0,1,0,0,0,0,0,0,0,0
1900000000,3,2,72,110,1,2200,1,2018,0,1,0,0,0,0,0,0,0,0
850000000,3,2,113,90,2,2200,2,2021,0,1,0,0,0,0,0,0,0,0
1900000000,3,2,72,110,1,2200,2,2020,0,1,0,0,0,0,0,0,0,0
-2147483648,3,4,200,400,2,5500,3,2015,0,1,0,0,0,0,0,0,0,0
1590000000,5,3,150,165,2,2200,2,2022,0,1,0,0,0,0,0,0,0,0
-2147483648,5,3,179,250,2,3500,2,2016,0,1,0,0,0,0,0,0,0,0
700000000,4,2,78,55,2,2200,1,2022,2,1,0,0,0,0,0,0,0,0
930000000,2,2,60,48,1,2200,1,2017,0,1,0,0,0,0,0,0,0,0
2000000000,3,3,90,105,1,2200,2,2018,1,1,0,0,0,0,0,0,0,0
-2147483648,6,4,126,165,1,3300,2,2009,0,1,0,0,0,0,0,0,0,0
420000000,2,1,60,36,1,1300,1,2022,0,1,0,0,0,0,0,0,0,0
1200000000,3,1,107,90,1,1300,1,2018,1,1,0,0,0,0,0,0,0,0
-2147483648,3,2,200,143,2,2200,2,2018,0,1,0,0,0,0,0,0,0,0
2000000000,2,2,105,110,0,2200,2,2018,1,1,0,0,0,0,0,0,0,0
764000000,3,3,78,83,2,2200,2,2022,0,1,0,0,0,0,0,0,0,0
764000000,3,3,78,83,2,2200,2,2022,0,1,0,0,0,0,0,0,0,0
1400000000,3,2,194,90,1,1300,1,2017,1,1,0,0,0,0,0,0,0,0
385000000,2,2,72,45,1,1300,1,2022,1,1,0,0,0,0,0,0,0,0
950000000,3,2,90,100,1,2200,2,2015,0,1,0,0,0,0,0,0,0,0
345000000,3,1,60,38,1,1300,1,2022,0,1,0,0,0,0,0,0,0,0
180000000,3,2,75,30,0,1300,1,2018,0,1,0,0,0,0,0,0,0,0
250000000,2,1,60,50,1,1300,1,2018,1,1,0,0,0,0,0,0,0,0
481000000,2,1,72,36,1,1300,1,2022,0,1,0,0,0,0,0,0,0,0
555000000,2,1,27,72,1,2200,1,2018,0,1,0,0,0,0,0,0,0,0
375000000,2,1,70,40,1,1300,1,2022,1,1,0,0,0,0,0,0,0,0
723000000,3,2,80,121,1,1300,2,2009,1,1,0,0,0,0,0,0,0,0
495000000,2,1,120,80,1,1300,1,2018,0,1,0,0,0,0,0,0,0,0
850000000,3,2,60,53,1,2200,2,2022,1,1,0,0,0,0,0,0,0,0
400000000,2,1,77,42,2,1300,1,2022,2,1,0,0,0,0,0,0,0,0
777000000,2,1,84,58,0,1300,1,2022,0,1,0,0,0,0,0,0,0,0
625000000,2,1,72,48,1,1300,1,2022,0,1,0,0,0,0,0,0,0,0
1000000000,3,2,72,90,2,2200,2,2022,0,1,0,0,0,0,0,0,0,0
1400000000,4,4,144,133,1,2200,2,2018,0,1,0,0,0,0,0,0,0,0
650000000,2,2,84,70,1,1300,1,2014,0,1,0,0,0,0,0,0,0,0
-2147483648,5,4,348,430,1,5500,2,2015,1,1,0,0,0,0,0,0,0,0
700000000,3,2,82,60,2,2200,1,2022,2,1,0,0,0,0,0,0,0,0
418000000,3,1,72,36,1,1300,2,2022,0,1,0,0,0,0,0,0,0,0
320000000,2,1,60,50,1,1300,1,2018,1,1,0,0,0,0,0,0,0,0
370000000,2,1,60,50,1,1300,1,2018,1,1,0,0,0,0,0,0,0,0
325000000,2,1,60,45,1,450,1,2018,1,1,0,0,0,0,0,0,0,0
750000000,2,1,119,80,2,1300,1,2018,2,1,0,0,0,0,0,0,0,0
450000000,2,1,60,45,1,1300,1,2022,1,1,0,0,0,0,0,0,0,0
600000000,2,1,110,70,1,1300,1,2018,1,1,0,0,0,0,0,0,0,0
600000000,2,2,110,70,1,1300,1,2018,1,1,0,0,0,0,0,0,0,0
325000000,2,1,60,45,1,450,1,2018,1,1,0,0,0,0,0,0,0,0
435000000,2,1,60,45,1,1300,1,2018,1,1,0,0,0,0,0,0,0,0
750000000,2,1,119,80,2,1300,1,2018,2,1,0,0,0,0,0,0,0,0
800000000,4,2,78,150,1,2200,2,2018,1,1,0,0,0,0,0,0,0,0
480000000,2,1,60,45,1,1300,1,2018,1,1,0,0,0,0,0,0,0,0
250000000,2,1,60,42,0,1300,1,2016,0,1,0,0,0,0,0,0,0,0
550000000,2,2,74,70,0,1300,1,2022,1,1,0,0,0,0,0,0,0,0
-2147483648,5,3,241,140,0,4400,2,2018,0,1,0,0,0,0,0,0,0,0
-2147483648,3,2,220,300,0,4400,2,2018,0,1,0,0,0,0,0,0,0,0
975000000,2,2,93,80,1,1300,1,2019,1,1,0,0,0,0,0,0,0,0
1400000000,3,1,180,180,1,2200,1,2018,0,1,0,0,0,0,0,0,0,0
550000000,2,1,72,50,1,2200,1,2010,0,1,0,0,0,0,0,0,0,0
1350000000,2,2,180,150,0,1300,1,2016,0,1,0,0,0,0,0,0,0,0
850000000,3,1,90,69,1,1300,1,2018,0,1,0,0,0,0,0,0,0,0
1100000000,4,2,135,117,2,2200,2,2018,0,1,0,0,0,0,0,0,0,0
950000000,3,2,93,80,1,2200,1,2018,1,1,0,0,0,0,0,0,0,0
950000000,3,2,65,80,1,2200,2,2022,1,1,0,0,0,0,0,0,0,0
-2147483648,4,2,375,385,2,5500,2,2018,0,1,0,0,0,0,0,0,0,0
695000000,3,2,79,90,1,1300,2,2020,0,1,0,0,0,0,0,0,0,0
695000000,3,2,70,90,1,1300,2,2020,0,1,0,0,0,0,0,0,0,0
980000000,2,1,135,78,1,1300,1,2005,0,1,0,0,0,0,0,0,0,0
470000000,2,1,70,50,1,1300,1,2021,1,1,0,0,0,0,0,0,0,0
496000000,2,1,72,36,1,2200,1,2022,0,1,0,0,0,0,0,0,0,0
600000000,2,2,80,120,2,1300,2,2019,0,1,0,0,0,0,0,0,0,0
399000000,2,1,72,54,1,1300,1,2010,0,1,0,0,0,0,0,0,0,0
450000000,2,1,72,50,1,1300,1,2018,0,1,0,0,0,0,0,0,0,0
-2147483648,3,2,200,143,2,2200,2,2018,0,1,0,0,0,0,0,0,0,0
475000000,3,2,112,112,0,1300,1,2018,0,1,0,0,0,0,0,0,0,0
1300000000,6,3,126,140,1,3300,1,2004,2,1,0,0,0,0,0,0,0,0
265000000,2,1,60,36,1,3160,1,2022,0,1,0,0,0,0,0,0,0,0
380000000,2,1,100,45,1,1300,1,2022,0,1,0,0,0,0,0,0,0,0
160000000,3,1,60,50,1,1300,1,2012,0,1,0,0,0,0,0,0,0,0
525000000,3,2,60,80,1,1300,1,2018,0,1,0,0,0,0,0,0,0,0
770000000,2,1,105,75,1,2200,1,2018,0,1,0,0,0,0,0,0,0,0
750000000,2,1,78,54,1,1300,1,2021,0,1,0,0,0,0,0,0,0,0
690000000,2,2,90,55,2,2200,2,2022,2,1,0,0,0,0,0,0,0,0
700000000,3,2,78,45,2,2200,1,2022,2,1,0,0,0,0,0,0,0,0
995000000,3,2,78,70,1,2200,2,2021,1,1,0,0,0,0,0,0,0,0
570000000,2,1,72,60,0,1300,1,2018,0,1,0,0,0,0,0,0,0,0
570000000,2,1,84,45,0,1300,1,2018,0,1,0,0,0,0,0,0,0,0
600000000,3,2,90,50,0,1300,1,2018,0,1,0,0,0,0,0,0,0,0
450000000,2,1,72,48,0,3160,1,2018,0,1,0,0,0,0,0,0,0,0
1150000000,3,2,90,170,0,2200,2,2018,2,1,0,0,0,0,0,0,0,0
1150000000,3,2,90,170,0,2200,2,2018,2,1,0,0,0,0,0,0,0,0
1100000000,4,2,182,220,1,1300,1,2005,0,1,0,0,0,0,0,0,0,0
500000000,3,2,114,70,1,1300,1,2015,0,1,0,0,0,0,0,0,0,0
-2147483648,3,2,225,300,0,2200,2,2015,0,1,0,0,0,0,0,0,0,0
-2147483648,3,2,225,300,0,2200,2,2015,0,1,0,0,0,0,0,0,0,0
1290000000,3,2,94,160,1,3500,2,2018,0,1,0,0,0,0,0,0,0,0
690000000,4,3,140,100,0,1300,2,2018,0,0,1,0,0,0,0,0,0,0
995000000,3,2,129,100,0,2200,1,2018,0,0,1,0,0,0,0,0,0,0
-2147483648,8,3,264,400,3,4400,2,2010,0,0,1,0,0,0,0,0,0,0
-2147483648,5,4,1064,800,4,6600,2,2013,4,0,1,0,0,0,0,0,0,0
945000000,3,1,90,70,1,2200,1,2018,0,0,1,0,0,0,0,0,0,0
1440000000,3,2,90,110,0,2200,2,2018,1,0,1,0,0,0,0,0,0,0
550000000,2,1,90,80,0,1300,1,2018,0,0,1,0,0,0,0,0,0,0
-2147483648,4,3,1400,300,0,3500,1,2018,4,0,1,0,0,0,0,0,0,0
1000000000,3,2,90,150,0,3160,1,2018,0,0,1,0,0,0,0,0,0,0
1440000000,3,2,90,110,1,2200,2,2018,1,0,1,0,0,0,0,0,0,0
-2147483648,4,2,162,196,1,3160,2,2018,0,0,1,0,0,0,0,0,0,0
1380000000,3,2,105,150,0,2200,2,2018,1,0,1,0,0,0,0,0,0,0
945000000,3,1,70,90,1,1300,1,2018,1,0,1,0,0,0,0,0,0,0
1440000000,3,2,90,110,0,2200,2,2018,1,0,1,0,0,0,0,0,0,0
1380000000,3,2,105,150,1,2200,2,2018,1,0,1,0,0,0,0,0,0,0
2000000000,5,6,144,200,1,3500,1,2015,1,0,1,0,0,0,0,0,0,0
-2147483648,4,4,300,520,1,6600,2,2018,2,0,1,0,0,0,0,0,0,0
-2147483648,4,3,517,305,2,5500,2,2022,1,0,1,0,0,0,0,0,0,0
-2147483648,4,3,312,250,2,5500,2,2018,0,0,1,0,0,0,0,0,0,0
-2147483648,3,3,514,340,2,4400,2,2016,2,0,1,0,0,0,0,0,0,0
1800000000,2,1,224,90,1,2200,1,2010,0,0,1,0,0,0,0,0,0,0
650000000,2,2,90,100,0,2200,1,2018,1,0,1,0,0,0,0,0,0,0
1900000000,2,3,216,120,0,3160,1,2018,1,0,1,0,0,0,0,0,0,0
-2147483648,4,3,481,242,2,3500,2,2018,2,0,1,0,0,0,0,0,0,0
900000000,2,1,90,90,1,3160,2,2018,1,0,1,0,0,0,0,0,0,0
850000000,3,2,139,130,1,2200,1,2018,0,0,1,0,0,0,0,0,0,0
650000000,2,2,90,100,0,2200,1,2022,1,0,1,0,0,0,0,0,0,0
1300000000,2,1,150,62,2,2200,1,2016,0,0,1,0,0,0,0,0,0,0
-2147483648,2,4,216,110,0,3300,1,2018,1,0,1,0,0,0,0,0,0,0
-2147483648,4,4,323,500,0,4400,2,2016,0,0,1,0,0,0,0,0,0,0
1300000000,5,3,117,160,0,3500,2,2014,0,0,1,0,0,0,0,0,0,0
1250000000,3,2,144,105,2,2200,2,2015,0,0,1,0,0,0,0,0,0,0
700000000,2,1,137,40,1,1300,1,2020,1,0,1,0,0,0,0,0,0,0
-2147483648,3,2,358,250,1,3500,2,2019,0,0,1,0,0,0,0,0,0,0
1900000000,3,2,126,102,0,2200,2,2020,0,0,1,0,0,0,0,0,0,0
-2147483648,3,4,329,275,1,3160,1,2018,0,0,1,0,0,0,0,0,0,0
-2147483648,4,5,518,515,2,5500,2,2022,2,0,1,0,0,0,0,0,0,0
-2147483648,6,5,450,800,2,6600,3,2021,2,0,1,0,0,0,0,0,0,0
1350000000,3,2,94,96,1,2200,1,2018,0,0,1,0,0,0,0,0,0,0
-2147483648,4,4,180,300,2,5500,2,2017,0,0,1,0,0,0,0,0,0,0
-2147483648,3,2,575,200,2,2200,1,2018,2,0,1,0,0,0,0,0,0,0
-2147483648,4,4,360,400,2,5500,2,2022,2,0,1,0,0,0,0,0,0,0
1300000000,2,1,150,62,1,2200,1,2020,0,0,1,0,0,0,0,0,0,0
945000000,3,1,90,70,0,1300,1,2022,0,0,1,0,0,0,0,0,0,0
1000000000,2,1,150,63,1,1300,1,2018,0,0,1,0,0,0,0,0,0,0
1250000000,3,2,84,89,1,2200,2,2020,0,0,1,0,0,0,0,0,0,0
1650000000,3,2,84,89,1,2200,2,2020,0,0,1,0,0,0,0,0,0,0
1150000000,3,2,90,150,1,5500,2,2018,0,0,1,0,0,0,0,0,0,0
-2147483648,4,5,313,360,2,5500,2,2022,2,0,1,0,0,0,0,0,0,0
-2147483648,3,2,299,125,1,2200,2,2015,1,0,1,0,0,0,0,0,0,0
-2147483648,3,2,299,125,1,2200,2,2015,1,0,1,0,0,0,0,0,0,0
-2147483648,4,3,220,221,2,2200,3,2015,2,0,1,0,0,0,0,0,0,0
-2147483648,3,3,183,145,2,3300,2,2003,1,0,1,0,0,0,0,0,0,0
1200000000,4,4,120,240,0,1300,2,2018,0,0,1,0,0,0,0,0,0,0
945000000,3,1,90,70,1,1300,1,2018,0,0,1,0,0,0,0,0,0,0
1650000000,3,2,84,89,1,2200,2,2018,0,0,1,0,0,0,0,0,0,0
1250000000,3,2,84,89,1,2200,2,2018,0,0,1,0,0,0,0,0,0,0
1150000000,3,2,90,150,1,5500,2,2018,0,0,1,0,0,0,0,0,0,0
1300000000,2,1,150,62,1,2200,1,2018,0,0,1,0,0,0,0,0,0,0
1250000000,3,2,144,88,1,2200,1,2018,0,0,1,0,0,0,0,0,0,0
-2147483648,4,4,543,495,2,5500,2,2021,2,0,1,0,0,0,0,0,0,0
-2147483648,4,3,396,299,2,4400,2,2018,2,0,1,0,0,0,0,0,0,0
-2147483648,4,3,396,299,2,4400,2,2018,2,0,1,0,0,0,0,0,0,0
-2147483648,4,4,321,500,2,4400,2,2018,1,0,1,0,0,0,0,0,0,0
-2147483648,4,5,313,360,2,5500,2,2022,2,0,1,0,0,0,0,0,0,0
-2147483648,3,2,575,200,2,2200,1,2018,2,0,1,0,0,0,0,0,0,0
-2147483648,4,4,340,400,2,5500,2,2022,2,0,1,0,0,0,0,0,0,0
1000000000,2,1,150,63,1,1300,1,2018,0,0,1,0,0,0,0,0,0,0
-2147483648,4,5,518,515,2,5500,3,2021,2,0,1,0,0,0,0,0,0,0
-2147483648,5,6,483,500,2,7700,3,2017,2,0,1,0,0,0,0,0,0,0
-2147483648,4,4,180,300,2,5500,2,2017,0,0,1,0,0,0,0,0,0,0
750000000,2,2,105,60,1,1300,1,2015,0,0,1,0,0,0,0,0,0,0
-2147483648,4,3,396,299,2,4400,2,2019,0,0,1,0,0,0,0,0,0,0
1250000000,3,2,84,89,1,2200,2,2020,0,0,1,0,0,0,0,0,0,0
-2147483648,4,4,321,500,2,4400,2,2018,1,0,1,0,0,0,0,0,0,0
1650000000,3,2,84,89,1,2200,1,2020,0,0,1,0,0,0,0,0,0,0
1150000000,3,2,90,150,1,5500,2,2018,0,0,1,0,0,0,0,0,0,0
945000000,3,1,90,70,1,1300,1,2022,0,0,1,0,0,0,0,0,0,0
945000000,3,1,90,70,1,1300,1,2022,0,0,1,0,0,0,0,0,0,0
1650000000,3,2,84,89,1,1300,2,2020,0,0,1,0,0,0,0,0,0,0
-2147483648,4,5,518,515,2,5500,2,2022,2,0,1,0,0,0,0,0,0,0
-2147483648,4,5,313,360,1,5500,2,2022,1,0,1,0,0,0,0,0,0,0
-2147483648,4,4,340,400,1,5500,2,2022,1,0,1,0,0,0,0,0,0,0
-2147483648,3,2,575,200,2,2200,1,2018,0,0,1,0,0,0,0,0,0,0
1150000000,3,2,90,150,1,5500,2,2019,0,0,1,0,0,0,0,0,0,0
1250000000,3,2,84,89,1,2200,2,2020,0,0,1,0,0,0,0,0,0,0
-2147483648,4,4,321,500,1,4400,2,2016,1,0,1,0,0,0,0,0,0,0
1000000000,2,1,150,63,1,1300,1,2018,0,0,1,0,0,0,0,0,0,0
-2147483648,4,4,321,500,1,4400,2,2018,1,0,1,0,0,0,0,0,0,0
-2147483648,4,3,396,299,2,4400,2,2018,0,0,1,0,0,0,0,0,0,0
-2147483648,4,4,526,400,1,3300,2,2018,1,0,1,0,0,0,0,0,0,0
-2147483648,3,2,299,125,1,2200,2,2018,0,0,1,0,0,0,0,0,0,0
-2147483648,4,4,543,495,4,5500,2,2021,2,0,1,0,0,0,0,0,0,0
-2147483648,4,4,526,400,1,3500,2,2018,1,0,1,0,0,0,0,0,0,0
-2147483648,2,1,108,62,1,1300,1,2018,0,0,1,0,0,0,0,0,0,0
-2147483648,4,3,396,299,2,4400,2,2018,0,0,1,0,0,0,0,0,0,0
1250000000,3,3,144,88,1,1300,1,2020,0,0,1,0,0,0,0,0,0,0
-2147483648,3,2,299,125,1,2200,2,2018,0,0,1,0,0,0,0,0,0,0
550000000,2,2,84,60,1,2200,2,2015,0,0,1,0,0,0,0,0,0,0
-2147483648,3,4,329,299,2,3500,2,2018,0,0,1,0,0,0,0,0,0,0
-2147483648,4,4,498,400,2,3500,2,2021,1,0,1,0,0,0,0,0,0,0
-2147483648,3,3,330,362,1,4400,2,2020,1,0,1,0,0,0,0,0,0,0
1500000000,5,3,141,141,1,2200,2,2018,0,0,1,0,0,0,0,0,0,0
-2147483648,4,3,375,450,2,4400,2,2018,2,0,1,0,0,0,0,0,0,0
-2147483648,4,2,334,350,1,5500,2,2018,1,0,1,0,0,0,0,0,0,0
575000000,3,2,81,65,1,1300,1,2015,0,0,1,0,0,0,0,0,0,0
825000000,2,2,90,65,1,1300,1,2018,0,0,1,0,0,0,0,0,0,0
-2147483648,3,3,127,200,1,3500,2,2018,0,0,1,0,0,0,0,0,0,0
900000000,2,1,90,90,1,1300,1,2020,0,0,1,0,0,0,0,0,0,0
-2147483648,4,4,180,300,1,5500,2,2018,0,0,1,0,0,0,0,0,0,0
945000000,3,1,90,70,1,1300,1,2022,0,0,1,0,0,0,0,0,0,0
-2147483648,3,3,127,200,1,3500,2,2018,0,0,1,0,0,0,0,0,0,0
1500000000,5,3,141,141,1,2200,2,2018,0,0,1,0,0,0,0,0,0,0
-2147483648,4,3,375,450,2,4400,2,2018,2,0,1,0,0,0,0,0,0,0
-2147483648,4,2,334,350,1,5500,2,2018,1,0,1,0,0,0,0,0,0,0
575000000,3,2,81,65,1,1300,1,2015,0,0,1,0,0,0,0,0,0,0
825000000,2,2,90,65,1,1300,1,2018,0,0,1,0,0,0,0,0,0,0
945000000,3,1,90,70,1,1300,1,2022,0,0,1,0,0,0,0,0,0,0
900000000,2,1,90,90,1,1300,1,2020,0,0,1,0,0,0,0,0,0,0
-2147483648,4,4,180,300,1,5500,2,2018,0,0,1,0,0,0,0,0,0,0
1150000000,3,2,90,150,1,5500,2,2018,0,0,1,0,0,0,0,0,0,0
945000000,3,1,90,70,1,1300,1,2018,0,0,1,0,0,0,0,0,0,0
1650000000,3,2,84,89,1,2200,2,2018,0,0,1,0,0,0,0,0,0,0
1250000000,3,2,84,89,1,2200,2,2018,0,0,1,0,0,0,0,0,0,0
-2147483648,4,4,321,500,1,4400,2,2018,1,0,1,0,0,0,0,0,0,0
-2147483648,3,3,404,200,1,3500,2,2018,0,0,1,0,0,0,0,0,0,0
-2147483648,3,3,404,200,1,3500,2,2018,0,0,1,0,0,0,0,0,0,0
-2147483648,3,3,404,200,1,3500,2,2018,0,0,1,0,0,0,0,0,0,0
945000000,3,1,90,70,1,1300,1,2022,0,0,1,0,0,0,0,0,0,0
-2147483648,4,4,323,500,1,4400,2,2016,1,0,1,0,0,0,0,0,0,0
775000000,2,1,105,44,1,2200,1,2017,0,0,1,0,0,0,0,0,0,0
-2147483648,4,3,375,450,2,4400,3,2020,3,0,1,0,0,0,0,0,0,0
-2147483648,3,3,330,362,2,4400,2,2020,1,0,1,0,0,0,0,0,0,0
-2147483648,4,4,498,400,2,3500,2,2022,2,0,1,0,0,0,0,0,0,0
1100000000,1,1,90,60,1,2200,1,2020,0,0,1,0,0,0,0,0,0,0
-2147483648,4,4,543,495,2,5500,2,2021,2,0,1,0,0,0,0,0,0,0
-2147483648,4,4,526,400,2,3500,3,2016,2,0,1,0,0,0,0,0,0,0
-2147483648,3,2,299,125,1,2200,2,2016,1,0,1,0,0,0,0,0,0,0
1250000000,3,2,144,88,1,2200,1,2018,0,0,1,0,0,0,0,0,0,0
-2147483648,4,2,334,350,1,5500,2,2018,2,0,1,0,0,0,0,0,0,0
950000000,2,1,108,50,1,3500,1,2018,0,0,1,0,0,0,0,0,0,0
-2147483648,4,3,396,299,2,4400,2,2019,0,0,1,0,0,0,0,0,0,0
1000000000,2,1,150,63,1,1300,1,2010,0,0,1,0,0,0,0,0,0,0
-2147483648,4,4,323,500,1,4400,2,2018,1,0,1,0,0,0,0,0,0,0
1650000000,3,2,84,89,1,2200,3,2020,0,0,1,0,0,0,0,0,0,0
945000000,3,1,90,70,1,1300,1,2022,0,0,1,0,0,0,0,0,0,0
1150000000,3,2,90,150,1,4400,2,2018,0,0,1,0,0,0,0,0,0,0
-2147483648,3,2,575,200,2,2200,1,2010,0,0,1,0,0,0,0,0,0,0
-2147483648,4,3,340,400,2,5500,2,2022,2,0,1,0,0,0,0,0,0,0
-2147483648,4,5,313,360,2,5500,2,2022,2,0,1,0,0,0,0,0,0,0
-2147483648,4,5,518,515,2,5500,2,2022,2,0,1,0,0,0,0,0,0,0
-2147483648,4,5,313,360,2,5500,2,2022,2,0,1,0,0,0,0,0,0,0
-2147483648,4,5,518,515,2,5500,2,2022,2,0,1,0,0,0,0,0,0,0
-2147483648,4,4,340,400,2,5500,2,2022,2,0,1,0,0,0,0,0,0,0
-2147483648,4,3,266,400,2,2200,2,2018,0,0,1,0,0,0,0,0,0,0
-2147483648,4,5,518,515,2,5500,2,2022,2,0,1,0,0,0,0,0,0,0
-2147483648,3,3,315,150,1,3500,2,2018,1,0,1,0,0,0,0,0,0,0
-2147483648,4,4,323,500,2,4400,2,2016,2,0,1,0,0,0,0,0,0,0
-2147483648,4,5,518,515,2,5500,2,2022,2,0,1,0,0,0,0,0,0,0
-2147483648,4,2,334,350,1,5500,2,2018,2,0,1,0,0,0,0,0,0,0
775000000,2,1,105,44,1,1300,1,2017,0,0,1,0,0,0,0,0,0,0
-2147483648,3,2,498,300,2,3500,2,2018,3,0,1,0,0,0,0,0,0,0
-2147483648,3,3,345,200,1,3300,2,2016,0,0,1,0,0,0,0,0,0,0
1650000000,3,2,84,89,1,1300,3,2021,0,0,1,0,0,0,0,0,0,0
1250000000,3,2,140,88,1,2200,1,2017,0,0,1,0,0,0,0,0,0,0
1800000000,2,1,224,90,1,1300,1,2007,1,0,1,0,0,0,0,0,0,0
1150000000,3,2,90,150,1,1300,2,2017,0,0,1,0,0,0,0,0,0,0
-2147483648,3,2,133,185,2,2200,2,2022,0,0,1,0,0,0,0,0,0,0
600000000,3,2,72,54,2,2200,2,2022,2,0,1,0,0,0,0,0,0,0
-2147483648,2,2,242,188,0,2200,3,2018,0,0,1,0,0,0,0,0,0,0
1900000000,2,2,224,100,1,2200,1,2018,2,0,1,0,0,0,0,0,0,0
-2147483648,5,4,301,250,0,2200,3,2022,0,0,1,0,0,0,0,0,0,0
-2147483648,2,3,323,200,2,4400,2,2017,0,0,1,0,0,0,0,0,0,0
-2147483648,3,3,133,185,2,2200,2,2022,0,0,1,0,0,0,0,0,0,0
-2147483648,3,2,202,370,0,2200,2,2014,0,0,1,0,0,0,0,0,0,0
-2147483648,4,2,300,500,2,5500,2,2018,1,0,1,0,0,0,0,0,0,0
-2147483648,4,3,220,221,2,3300,3,2015,2,0,1,0,0,0,0,0,0,0
-2147483648,4,4,886,500,3,3500,2,2015,0,0,1,0,0,0,0,0,0,0
-2147483648,5,4,1118,600,2,4400,2,2021,2,0,1,0,0,0,0,0,0,0
-2147483648,3,3,1156,500,3,4400,2,2014,0,0,1,0,0,0,0,0,0,0
-2147483648,4,4,312,300,2,3500,2,2014,0,0,1,0,0,0,0,0,0,0
2100000000,3,3,120,105,1,3300,2,2019,1,0,1,0,0,0,0,0,0,0
1600000000,2,1,180,120,1,1300,1,2019,1,0,1,0,0,0,0,0,0,0
1700000000,3,3,108,160,1,2200,2,2021,0,0,1,0,0,0,0,0,0,0
800000000,3,3,120,120,1,2200,1,2009,0,0,1,0,0,0,0,0,0,0
-2147483648,4,4,313,250,2,4400,2,2019,1,0,1,0,0,0,0,0,0,0
-2147483648,4,3,220,221,1,2200,3,2015,1,0,1,0,0,0,0,0,0,0
-2147483648,4,4,313,250,2,4400,2,2019,1,0,1,0,0,0,0,0,0,0
-2147483648,4,3,220,221,1,2200,3,2015,1,0,1,0,0,0,0,0,0,0
-2147483648,3,3,287,250,2,5500,2,2003,1,0,1,0,0,0,0,0,0,0
1800000000,3,2,12,130,1,2200,2,2012,1,0,1,0,0,0,0,0,0,0
1100000000,4,3,90,120,0,2200,2,2014,0,0,1,0,0,0,0,0,0,0
1150000000,3,2,90,150,1,5500,2,2016,0,0,1,0,0,0,0,0,0,0
725000000,5,4,120,150,0,1300,2,2015,0,0,1,0,0,0,0,0,0,0
-2147483648,4,3,287,250,1,3500,2,2014,1,0,1,0,0,0,0,0,0,0
-2147483648,3,3,1156,500,0,4400,2,2015,3,0,1,0,0,0,0,0,0,0
-2147483648,4,4,1250,700,2,3300,1,2014,2,0,1,0,0,0,0,0,0,0
-2147483648,4,4,886,500,0,3300,2,2015,3,0,1,0,0,0,0,0,0,0
-2147483648,5,3,630,600,1,3500,2,2014,1,0,1,0,0,0,0,0,0,0
1650000000,3,1,232,120,1,1300,1,2005,1,0,1,0,0,0,0,0,0,0
-2147483648,3,2,315,200,1,2200,2,2016,1,0,1,0,0,0,0,0,0,0
1100000000,2,2,90,60,1,1300,1,2019,0,0,1,0,0,0,0,0,0,0
1600000000,2,1,248,100,1,1300,1,2006,0,0,1,0,0,0,0,0,0,0
1350000000,3,2,108,100,1,2200,2,2006,0,0,1,0,0,0,0,0,0,0
-2147483648,3,2,328,160,1,2200,2,2016,1,0,1,0,0,0,0,0,0,0
850000000,2,2,90,65,1,2200,1,2019,0,0,1,0,0,0,0,0,0,0
1350000000,2,1,211,53,1,1300,1,2002,0,0,1,0,0,0,0,0,0,0
1150000000,3,3,78,100,1,2200,1,2019,0,0,1,0,0,0,0,0,0,0
-2147483648,4,3,328,250,2,3300,2,2017,1,0,1,0,0,0,0,0,0,0
-2147483648,4,4,481,250,4,5500,2,2021,2,0,1,0,0,0,0,0,0,0
-2147483648,4,3,224,220,2,5500,2,2017,2,0,1,0,0,0,0,0,0,0
-2147483648,4,3,488,250,2,3300,2,2010,2,0,1,0,0,0,0,0,0,0
-2147483648,2,3,323,220,4,5500,2,2008,0,0,1,0,0,0,0,0,0,0
-2147483648,3,3,406,250,1,2200,2,2006,1,0,1,0,0,0,0,0,0,0
800000000,3,3,120,120,1,1300,2,2006,0,0,1,0,0,0,0,0,0,0
-2147483648,4,4,866,500,4,5500,2,2017,0,0,1,0,0,0,0,0,0,0
-2147483648,5,5,309,600,2,6600,2,2021,2,0,1,0,0,0,0,0,0,0
-2147483648,4,4,315,250,2,3500,2,2022,1,0,1,0,0,0,0,0,0,0
-2147483648,3,4,1153,500,3,5500,2,2018,1,0,1,0,0,0,0,0,0,0
1700000000,3,3,171,120,1,3300,2,2009,1,0,1,0,0,0,0,0,0,0
-2147483648,4,3,234,240,2,5500,2,2015,0,0,1,0,0,0,0,0,0,0
1300000000,3,2,176,120,1,3300,1,2012,1,0,1,0,0,0,0,0,0,0
-2147483648,4,3,220,221,2,3300,3,2015,2,0,1,0,0,0,0,0,0,0
-2147483648,4,3,220,221,2,3500,3,2016,2,0,1,0,0,0,0,0,0,0
-2147483648,4,3,220,221,2,3300,3,2014,2,0,1,0,0,0,0,0,0,0
-2147483648,4,3,220,221,2,2200,3,2015,2,0,1,0,0,0,0,0,0,0
-2147483648,4,3,220,221,2,3300,3,2016,2,0,1,0,0,0,0,0,0,0
-2147483648,4,3,220,221,2,2200,3,2015,2,0,1,0,0,0,0,0,0,0
585000000,2,2,90,60,1,1300,1,2007,0,0,1,0,0,0,0,0,0,0
-2147483648,3,3,228,200,0,3300,2,2009,1,0,1,0,0,0,0,0,0,0
-2147483648,3,3,230,200,1,3300,2,2006,1,0,1,0,0,0,0,0,0,0
-2147483648,4,4,234,200,1,4400,2,2019,1,0,1,0,0,0,0,0,0,0
1800000000,3,3,120,100,1,3300,2,2009,0,0,1,0,0,0,0,0,0,0
675000000,2,1,108,53,1,1300,1,2014,0,0,1,0,0,0,0,0,0,0
-2147483648,4,3,216,180,1,2200,2,2015,1,0,1,0,0,0,0,0,0,0
-2147483648,4,4,300,250,2,3500,3,2021,1,0,1,0,0,0,0,0,0,0
1600000000,2,1,180,100,2,3300,1,2007,1,0,1,0,0,0,0,0,0,0
-2147483648,4,4,866,400,4,3300,2,2011,1,0,1,0,0,0,0,0,0,0
-2147483648,4,4,313,250,2,1300,2,2012,1,0,1,0,0,0,0,0,0,0
-2147483648,4,4,313,250,2,1300,2,2012,1,0,1,0,0,0,0,0,0,0
1700000000,3,3,120,120,2,2200,2,2021,0,0,1,0,0,0,0,0,0,0
-2147483648,4,3,600,250,4,2200,3,2006,2,0,1,0,0,0,0,0,0,0
-2147483648,4,3,315,250,2,3300,1,2009,2,0,1,0,0,0,0,0,0,0
-2147483648,2,3,323,250,2,4400,2,2007,1,0,1,0,0,0,0,0,0,0
-2147483648,4,4,300,250,1,4400,2,2021,1,0,1,0,0,0,0,0,0,0
1700000000,3,3,108,160,1,3300,2,2021,1,0,1,0,0,0,0,0,0,0
800000000,3,3,120,100,1,1300,2,2005,1,0,1,0,0,0,0,0,0,0
-2147483648,2,3,1250,250,1,3160,1,2018,1,0,1,0,0,0,0,0,0,0
1150000000,3,2,90,120,1,2200,2,2017,1,0,1,0,0,0,0,0,0,0
-2147483648,3,2,403,145,1,3300,2,2014,0,0,1,0,0,0,0,0,0,0
-2147483648,5,4,1023,401,2,3160,2,2018,2,0,1,0,0,0,0,0,0,0
-2147483648,4,3,287,250,1,3500,2,2014,2,0,1,0,0,0,0,0,0,0
-2147483648,5,4,1023,401,2,3160,2,2018,2,0,1,0,0,0,0,0,0,0
-2147483648,4,3,287,250,1,3500,2,2014,2,0,1,0,0,0,0,0,0,0
-2147483648,4,3,664,300,2,3160,2,2018,0,0,1,0,0,0,0,0,0,0
-2147483648,3,3,1156,500,2,4400,2,2014,0,0,1,0,0,0,0,0,0,0
-2147483648,4,4,886,500,2,3300,2,2015,0,0,1,0,0,0,0,0,0,0
-2147483648,3,2,323,200,1,3160,2,2018,0,0,1,0,0,0,0,0,0,0
-2147483648,6,6,1118,600,2,5500,2,2021,2,0,1,0,0,0,0,0,0,0
-2147483648,5,5,120,235,0,2200,2,2022,0,0,1,0,0,0,0,0,0,0
-2147483648,3,4,323,300,0,5500,2,2019,0,0,1,0,0,0,0,0,0,0
585000000,2,2,60,120,1,3160,2,2018,0,0,1,0,0,0,0,0,0,0
1900000000,4,3,379,250,2,3300,2,2011,0,0,1,0,0,0,0,0,0,0
-2147483648,5,4,710,612,4,3500,2,2010,4,0,1,0,0,0,0,0,0,0
-2147483648,2,3,300,250,2,3500,2,2015,0,0,1,0,0,0,0,0,0,0
495000000,2,1,81,50,0,1300,1,2017,0,0,1,0,0,0,0,0,0,0
-2147483648,4,3,663,250,2,2200,2,2020,0,0,1,0,0,0,0,0,0,0
-2147483648,4,4,181,179,2,3300,2,2021,0,0,1,0,0,0,0,0,0,0
-2147483648,5,4,710,612,2,3500,3,2018,2,0,1,0,0,0,0,0,0,0
300000000,2,1,60,36,0,2200,1,2022,0,0,1,0,0,0,0,0,0,0
630000000,2,1,84,70,1,2200,1,2018,0,0,1,0,0,0,0,0,0,0
1680000000,3,2,200,90,0,2200,1,2018,1,0,1,0,0,0,0,0,0,0
630000000,2,1,84,70,0,1300,1,2018,1,0,1,0,0,0,0,0,0,0
599000000,2,1,72,60,1,1300,1,2018,0,0,1,0,0,0,0,0,0,0
890000000,2,2,60,55,1,2200,2,2019,0,0,1,0,0,0,0,0,0,0
810000000,2,1,90,45,1,1300,1,2018,0,0,1,0,0,0,0,0,0,0
630000000,2,1,84,70,1,1300,1,2018,0,0,1,0,0,0,0,0,0,0
599000000,2,1,72,60,1,1300,1,2018,0,0,1,0,0,0,0,0,0,0
600000000,2,1,72,60,1,1300,1,2018,0,0,1,0,0,0,0,0,0,0
1200000000,2,3,98,78,0,2200,2,2018,1,0,1,0,0,0,0,0,0,0
499000000,2,1,60,30,1,1300,1,2018,0,0,1,0,0,0,0,0,0,0
810000000,2,1,90,45,1,1300,1,2018,0,0,1,0,0,0,0,0,0,0
810000000,2,1,90,45,1,1300,1,2018,0,0,1,0,0,0,0,0,0,0
630000000,2,1,84,70,0,1300,1,2018,1,0,1,0,0,0,0,0,0,0
599000000,2,1,72,60,1,1300,1,2018,0,0,1,0,0,0,0,0,0,0
810000000,2,1,90,45,1,1300,1,2018,0,0,1,0,0,0,0,0,0,0
630000000,2,1,84,70,1,1300,1,2018,1,0,1,0,0,0,0,0,0,0
599000000,2,1,72,60,1,1300,1,2018,1,0,1,0,0,0,0,0,0,0
351000000,2,1,60,32,1,1300,1,2022,0,0,1,0,0,0,0,0,0,0
325000000,2,1,90,38,1,1300,1,2016,0,0,1,0,0,0,0,0,0,0
245000000,2,1,36,72,1,1300,1,2018,0,0,1,0,0,0,0,0,0,0
1350000000,3,2,94,96,1,2200,1,2022,0,0,1,0,0,0,0,0,0,0
250000000,1,1,72,22,1,1300,1,2018,1,0,1,0,0,0,0,0,0,0
375000000,3,2,112,68,1,1300,1,2018,1,0,1,0,0,0,0,0,0,0
975000000,3,2,200,100,2,1300,1,2018,2,0,1,0,0,0,0,0,0,0
325000000,2,1,72,60,1,1300,1,2022,1,0,1,0,0,0,0,0,0,0
1450000000,3,2,105,100,1,2200,2,2018,0,0,1,0,0,0,0,0,0,0
1450000000,3,2,105,100,1,2200,2,2018,0,0,1,0,0,0,0,0,0,0
500000000,3,2,60,51,2,2200,2,2022,2,0,1,0,0,0,0,0,0,0
1500000000,2,1,120,79,0,3300,2,2017,1,0,1,0,0,0,0,0,0,0
359000000,3,2,90,75,1,1300,1,2022,0,0,1,0,0,0,0,0,0,0
350000000,2,1,60,38,1,1300,1,2022,0,0,1,0,0,0,0,0,0,0
168000000,2,1,60,29,1,1300,1,2022,0,0,1,0,0,0,0,0,0,0
195000000,2,1,72,21,1,1300,1,2018,1,0,1,0,0,0,0,0,0,0
280000000,2,1,90,36,1,1300,1,2018,1,0,1,0,0,0,0,0,0,0
530000000,2,1,60,30,1,1300,1,2022,0,0,1,0,0,0,0,0,0,0
493000000,1,1,60,23,1,1300,1,2022,0,0,1,0,0,0,0,0,0,0
130000000,2,1,150,45,2,1300,1,2018,2,0,1,0,0,0,0,0,0,0
475000000,2,1,105,36,1,1300,1,2018,1,0,1,0,0,0,0,0,0,0
500000000,2,1,72,50,1,2200,1,2022,0,0,1,0,0,0,0,0,0,0
525000000,2,1,72,50,2,3160,1,2022,0,0,1,0,0,0,0,0,0,0
1350000000,3,2,94,96,1,2200,1,2018,0,0,1,0,0,0,0,0,0,0
660000000,2,1,84,45,1,1300,1,2022,0,0,1,0,0,0,0,0,0,0
700000000,2,2,84,45,1,1300,1,2022,0,0,1,0,0,0,0,0,0,0
333000000,2,1,62,36,0,1300,1,2022,0,0,1,0,0,0,0,0,0,0
525000000,2,1,72,50,0,1300,1,2022,0,0,1,0,0,0,0,0,0,0
1440000000,4,3,126,180,1,1300,2,2018,1,0,1,0,0,0,0,0,0,0
780000000,3,2,116,85,0,1300,1,2018,1,0,1,0,0,0,0,0,0,0
600000000,3,2,66,56,2,2200,2,2022,2,0,1,0,0,0,0,0,0,0
600000000,3,2,66,56,2,2200,2,2022,0,0,1,0,0,0,0,0,0,0
1440000000,4,3,126,180,1,1300,2,2018,1,0,1,0,0,0,0,0,0,0
780000000,3,2,116,85,0,1300,1,2018,1,0,1,0,0,0,0,0,0,0
780000000,3,2,116,85,0,1300,1,2018,1,0,1,0,0,0,0,0,0,0
780000000,3,2,116,85,1,1300,1,2018,1,0,1,0,0,0,0,0,0,0
555000000,2,2,96,80,0,1300,1,2019,1,0,1,0,0,0,0,0,0,0
1350000000,3,2,94,96,1,2200,1,2018,0,0,1,0,0,0,0,0,0,0
530000000,2,1,70,36,1,2200,1,2018,0,0,1,0,0,0,0,0,0,0
930000000,2,1,84,39,1,2200,1,2018,0,0,1,0,0,0,0,0,0,0
900000000,2,1,81,45,1,2200,1,2018,0,0,1,0,0,0,0,0,0,0
1080000000,2,2,104,60,0,2200,2,2018,1,0,1,0,0,0,0,0,0,0
500000000,2,1,68,36,1,1300,1,2018,0,0,1,0,0,0,0,0,0,0
1080000000,2,2,60,65,0,2200,2,2018,1,0,1,0,0,0,0,0,0,0
930000000,2,1,84,39,1,1300,1,2018,0,0,1,0,0,0,0,0,0,0
1080000000,2,2,104,60,0,2200,2,2018,1,0,1,0,0,0,0,0,0,0
960000000,3,2,81,51,1,2200,2,2018,0,0,1,0,0,0,0,0,0,0
1400000000,4,4,120,98,1,2200,2,2018,0,0,1,0,0,0,0,0,0,0
500000000,2,1,68,36,1,1300,1,2018,0,0,1,0,0,0,0,0,0,0
900000000,2,1,81,45,0,1300,1,2018,1,0,1,0,0,0,0,0,0,0
1150000000,3,2,94,70,1,2200,2,2018,0,0,1,0,0,0,0,0,0,0
1400000000,4,4,120,98,1,2200,2,2018,0,0,1,0,0,0,0,0,0,0
1080000000,2,2,60,65,0,2200,2,2018,1,0,1,0,0,0,0,0,0,0
930000000,2,1,84,39,0,1300,1,2018,1,0,1,0,0,0,0,0,0,0
900000000,2,1,81,45,0,1300,1,2018,1,0,1,0,0,0,0,0,0,0
1150000000,3,2,94,70,1,2200,2,2018,0,0,1,0,0,0,0,0,0,0
530000000,2,1,70,36,1,1300,1,2018,0,0,1,0,0,0,0,0,0,0
599000000,2,2,90,36,0,1300,1,2018,1,0,1,0,0,0,0,0,0,0
1400000000,4,4,120,98,1,2200,2,2018,0,0,1,0,0,0,0,0,0,0
500000000,2,1,68,36,1,1300,1,2018,1,0,1,0,0,0,0,0,0,0
1080000000,2,2,60,65,1,2200,2,2018,1,0,1,0,0,0,0,0,0,0
930000000,2,1,39,84,1,1300,1,2018,1,0,1,0,0,0,0,0,0,0
900000000,2,1,81,45,1,1300,1,2018,1,0,1,0,0,0,0,0,0,0
530000000,2,1,70,36,1,1300,1,2018,0,0,1,0,0,0,0,0,0,0
530000000,2,1,70,36,1,1300,1,2018,0,0,1,0,0,0,0,0,0,0
530000000,2,1,70,36,1,1300,1,2018,0,0,1,0,0,0,0,0,0,0
500000000,2,1,68,36,1,1300,1,2018,0,0,1,0,0,0,0,0,0,0
1080000000,2,2,60,65,0,2200,2,2018,1,0,1,0,0,0,0,0,0,0
930000000,2,1,84,39,1,1300,1,2018,0,0,1,0,0,0,0,0,0,0
900000000,2,1,81,45,0,1300,1,2018,1,0,1,0,0,0,0,0,0,0
960000000,3,2,81,51,1,2200,2,2018,0,0,1,0,0,0,0,0,0,0
1400000000,4,4,120,98,1,2200,2,2018,0,0,1,0,0,0,0,0,0,0
530000000,2,1,70,36,1,1300,1,2018,0,0,1,0,0,0,0,0,0,0
1080000000,2,2,104,60,1,2200,2,2018,1,0,1,0,0,0,0,0,0,0
1150000000,3,2,94,70,1,2200,2,2018,0,0,1,0,0,0,0,0,0,0
800000000,2,1,72,39,1,2200,1,2021,1,0,1,0,0,0,0,0,0,0
637000000,3,2,65,60,1,1300,2,2022,0,0,1,0,0,0,0,0,0,0
755000000,3,2,78,60,1,1300,2,2022,0,0,1,0,0,0,0,0,0,0
685000000,3,2,64,60,1,1300,2,2022,0,0,1,0,0,0,0,0,0,0
438000000,2,1,60,35,1,1300,1,2022,0,0,1,0,0,0,0,0,0,0
438000000,2,1,63,36,0,1300,1,2022,1,0,1,0,0,0,0,0,0,0
1090000000,3,2,65,87,0,2200,2,2022,0,0,1,0,0,0,0,0,0,0
570000000,3,2,90,80,0,1300,1,2018,0,0,1,0,0,0,0,0,0,0
600000000,3,2,112,100,0,1300,1,2018,0,0,1,0,0,0,0,0,0,0
435000000,2,1,60,36,1,1300,1,2022,1,0,1,0,0,0,0,0,0,0
960000000,2,2,60,94,2,2200,2,2022,0,0,1,0,0,0,0,0,0,0
466000000,2,1,60,40,1,1300,1,2022,0,0,1,0,0,0,0,0,0,0
400000000,2,1,60,40,1,1300,1,2018,0,0,1,0,0,0,0,0,0,0
400000000,2,1,60,40,1,1300,1,2022,0,0,1,0,0,0,0,0,0,0
400000000,2,1,60,40,1,1300,1,2022,0,0,1,0,0,0,0,0,0,0
500000000,2,1,83,45,1,1300,1,2018,1,0,1,0,0,0,0,0,0,0
1620000000,5,2,104,180,1,2200,3,2018,0,0,1,0,0,0,0,0,0,0
375000000,2,1,60,45,1,1300,1,2022,0,0,1,0,0,0,0,0,0,0
1620000000,5,2,104,180,1,2200,3,2018,0,0,1,0,0,0,0,0,0,0
810000000,2,1,105,45,1,2200,1,2018,1,0,1,0,0,0,0,0,0,0
1140000000,3,2,84,76,1,1300,2,2018,1,0,1,0,0,0,0,0,0,0
1080000000,3,2,84,84,1,2200,2,2018,1,0,1,0,0,0,0,0,0,0
195000000,2,1,40,36,1,1300,1,2022,1,0,1,0,0,0,0,0,0,0
500000000,2,1,75,38,1,1300,1,2021,1,0,1,0,0,0,0,0,0,0
100000000,2,1,55,36,1,1300,1,2022,1,0,1,0,0,0,0,0,0,0
200000000,3,1,45,36,1,1300,1,2022,1,0,1,0,0,0,0,0,0,0
275000000,2,1,60,40,1,1300,1,2022,1,0,1,0,0,0,0,0,0,0
400000000,2,1,84,45,1,1300,1,2021,2,0,1,0,0,0,0,0,0,0
400000000,2,1,84,45,1,1300,1,2021,2,0,1,0,0,0,0,0,0,0
456000000,2,1,72,39,0,2200,1,2022,0,0,1,0,0,0,0,0,0,0
473000000,2,1,72,36,0,1300,1,2022,0,0,1,0,0,0,0,0,0,0
275000000,2,1,60,40,1,1300,1,2022,1,0,1,0,0,0,0,0,0,0
275000000,2,1,60,40,1,1300,1,2022,1,0,1,0,0,0,0,0,0,0
160000000,2,1,42,42,1,1300,1,2022,1,0,1,0,0,0,0,0,0,0
399000000,2,1,60,40,0,1300,1,2022,0,0,1,0,0,0,0,0,0,0
225000000,2,1,60,36,1,1300,1,2022,0,0,1,0,0,0,0,0,0,0
790000000,4,4,150,147,1,6600,2,2018,0,0,1,0,0,0,0,0,0,0
150000000,2,1,55,36,1,1300,1,2022,1,0,1,0,0,0,0,0,0,0
135000000,3,1,38,38,0,900,1,2022,0,0,1,0,0,0,0,0,0,0
437000000,2,1,113,36,1,1300,1,2018,0,0,1,0,0,0,0,0,0,0
250000000,2,1,60,55,0,900,1,2018,0,0,1,0,0,0,0,0,0,0
125000000,2,1,30,30,0,900,1,2020,0,0,1,0,0,0,0,0,0,0
135000000,2,1,38,38,0,900,1,2022,0,0,1,0,0,0,0,0,0,0
100000000,2,1,55,36,1,1300,1,2022,1,0,1,0,0,0,0,0,0,0
150000000,2,1,40,40,0,1300,1,2022,0,0,1,0,0,0,0,0,0,0
100000000,2,1,55,36,0,1300,1,2022,1,0,1,0,0,0,0,0,0,0
172000000,2,1,45,45,0,1300,1,2022,0,0,1,0,0,0,0,0,0,0
-2147483648,4,3,153,200,1,2200,2,2018,0,0,1,0,0,0,0,0,0,0
650000000,2,1,66,33,1,1300,1,2018,1,0,1,0,0,0,0,0,0,0
1700000000,2,2,84,96,1,2200,2,2020,0,0,1,0,0,0,0,0,0,0
650000000,2,1,66,33,1,1300,1,2018,1,0,1,0,0,0,0,0,0,0
800000000,3,2,101,45,0,1300,1,2018,1,0,1,0,0,0,0,0,0,0
840000000,2,1,84,48,1,2200,1,2018,0,0,1,0,0,0,0,0,0,0
945000000,2,1,105,60,0,2200,1,2018,1,0,1,0,0,0,0,0,0,0
1020000000,2,1,86,50,0,1300,1,2018,1,0,1,0,0,0,0,0,0,0
1080000000,3,2,84,84,0,2200,2,2018,1,0,1,0,0,0,0,0,0,0
699000000,2,1,88,40,1,1300,1,2018,0,0,1,0,0,0,0,0,0,0
810000000,2,1,105,45,0,2200,1,2018,1,0,1,0,0,0,0,0,0,0
1380000000,3,2,105,150,1,2200,2,2018,1,0,1,0,0,0,0,0,0,0
699000000,2,1,88,40,1,1300,1,2018,0,0,1,0,0,0,0,0,0,0
1500000000,3,3,164,104,1,1300,2,2018,1,0,1,0,0,0,0,0,0,0
1080000000,3,2,84,84,0,2200,2,2018,1,0,1,0,0,0,0,0,0,0
810000000,2,1,105,45,0,2200,1,2018,1,0,1,0,0,0,0,0,0,0
1080000000,3,2,84,84,0,2200,2,2018,1,0,1,0,0,0,0,0,0,0
780000000,3,1,98,68,1,1300,1,2018,1,0,1,0,0,0,0,0,0,0
800000000,2,1,96,71,1,2200,1,2018,0,0,1,0,0,0,0,0,0,0
840000000,3,4,90,180,1,2200,2,2018,0,0,1,0,0,0,0,0,0,0
699000000,2,1,88,40,1,1300,1,2018,0,0,1,0,0,0,0,0,0,0
650000000,2,1,88,53,1,1300,1,2018,0,0,1,0,0,0,0,0,0,0
1140000000,3,2,84,76,0,1300,2,2018,1,0,1,0,0,0,0,0,0,0
1140000000,3,2,84,76,0,1300,2,2018,1,0,1,0,0,0,0,0,0,0
1380000000,3,2,105,150,0,2200,2,2018,1,0,1,0,0,0,0,0,0,0
1080000000,3,2,84,84,1,2200,2,2018,1,0,1,0,0,0,0,0,0,0
1140000000,3,2,84,76,1,1300,2,2018,1,0,1,0,0,0,0,0,0,0
1140000000,3,2,84,76,0,1300,2,2018,1,0,1,0,0,0,0,0,0,0
1380000000,3,2,105,150,0,2200,2,2018,1,0,1,0,0,0,0,0,0,0
1620000000,5,2,104,180,1,2200,3,2018,1,0,1,0,0,0,0,0,0,0
810000000,2,1,105,45,1,2200,1,2018,1,0,1,0,0,0,0,0,0,0
695000000,2,1,82,45,1,1300,1,2022,0,0,1,0,0,0,0,0,0,0
450000000,2,1,72,72,1,1300,1,2022,0,0,1,0,0,0,0,0,0,0
850000000,3,1,131,177,0,1300,2,2016,1,0,1,0,0,0,0,0,0,0
655000000,2,1,78,36,1,1300,1,2022,0,0,1,0,0,0,0,0,0,0
545000000,2,1,68,36,0,1300,1,2022,0,0,1,0,0,0,0,0,0,0
2000000000,4,4,144,300,2,3300,2,2018,2,0,1,0,0,0,0,0,0,0
649000000,2,1,68,36,1,3160,1,2022,0,0,1,0,0,0,0,0,0,0
-2147483648,3,4,530,270,0,3500,1,2018,4,0,1,0,0,0,0,0,0,0
688000000,2,1,74,36,1,1300,1,2022,0,0,1,0,0,0,0,0,0,0
1350000000,3,2,94,96,1,2200,1,2018,0,0,1,0,0,0,0,0,0,0
400000000,2,1,80,48,1,1300,1,2022,1,0,1,0,0,0,0,0,0,0
200000000,2,1,72,36,1,1300,1,2022,1,0,1,0,0,0,0,0,0,0
575000000,3,2,88,55,1,1300,1,2021,0,0,1,0,0,0,0,0,0,0
1500000000,4,3,200,400,2,4400,2,2018,0,0,1,0,0,0,0,0,0,0
644000000,2,1,76,36,0,1300,1,2022,0,0,1,0,0,0,0,0,0,0
500000000,3,2,60,54,2,2200,2,2022,2,0,1,0,0,0,0,0,0,0
600000000,3,2,70,54,2,2200,2,2022,2,0,1,0,0,0,0,0,0,0
400000000,2,1,61,40,1,1300,1,2012,0,0,1,0,0,0,0,0,0,0
400000000,2,1,61,40,1,1300,1,2012,0,0,1,0,0,0,0,0,0,0
560000000,2,1,64,40,1,1300,1,2022,0,0,1,0,0,0,0,0,0,0
600000000,3,2,70,54,2,2200,2,2022,2,0,1,0,0,0,0,0,0,0
655000000,2,1,78,36,1,1300,1,2022,0,0,1,0,0,0,0,0,0,0
500000000,3,2,60,54,2,2200,2,2022,2,0,1,0,0,0,0,0,0,0
600000000,3,2,70,54,2,2200,2,2022,2,0,1,0,0,0,0,0,0,0
999000000,3,2,72,90,1,2200,2,2022,0,0,1,0,0,0,0,0,0,0
750000000,3,2,105,90,1,1300,1,2018,0,0,1,0,0,0,0,0,0,0
185000000,2,1,50,36,1,1300,1,2022,0,0,1,0,0,0,0,0,0,0
500000000,3,2,60,54,2,2200,2,2022,2,0,1,0,0,0,0,0,0,0
590000000,2,1,72,45,1,1300,1,2022,1,0,1,0,0,0,0,0,0,0
599000000,2,1,72,45,1,1300,1,2021,1,0,1,0,0,0,0,0,0,0
514000000,2,1,72,42,1,1300,1,2022,0,0,1,0,0,0,0,0,0,0
624000000,2,1,84,48,1,1300,1,2021,1,0,1,0,0,0,0,0,0,0
624000000,2,1,84,48,1,1300,1,2021,1,0,1,0,0,0,0,0,0,0
494000000,2,1,69,41,1,1300,1,2021,1,0,1,0,0,0,0,0,0,0
594000000,2,1,72,45,1,1300,1,2022,1,0,1,0,0,0,0,0,0,0
499000000,2,1,63,41,1,1300,1,2021,1,0,1,0,0,0,0,0,0,0
499000000,2,1,63,41,1,1300,1,2021,1,0,1,0,0,0,0,0,0,0
599000000,2,1,72,45,1,1300,1,2021,1,0,1,0,0,0,0,0,0,0
599000000,2,1,72,45,1,1300,1,2021,1,0,1,0,0,0,0,0,0,0
1100000000,3,2,84,84,0,2200,2,2018,1,0,1,0,0,0,0,0,0,0
600000000,2,1,77,36,1,1300,1,2022,0,0,1,0,0,0,0,0,0,0
470000000,2,1,147,40,1,1300,1,2018,1,0,1,0,0,0,0,0,0,0
470000000,2,1,147,40,1,1300,1,2018,1,0,1,0,0,0,0,0,0,0
780000000,2,1,105,55,1,2200,1,2018,0,0,1,0,0,0,0,0,0,0
752000000,3,2,82,80,0,2200,1,2021,0,0,1,0,0,0,0,0,0,0
700000000,3,3,90,80,2,2200,2,2022,1,0,1,0,0,0,0,0,0,0
650000000,2,1,66,33,1,1300,1,2018,1,0,1,0,0,0,0,0,0,0
1350000000,4,3,135,90,2,4400,2,2015,0,0,1,0,0,0,0,0,0,0
1350000000,3,2,94,96,1,2200,1,2018,0,0,1,0,0,0,0,0,0,0
-2147483648,3,2,377,277,0,4400,1,2018,0,0,1,0,0,0,0,0,0,0
770000000,3,2,77,60,1,2200,2,2022,1,0,1,0,0,0,0,0,0,0
1500000000,3,3,144,150,1,2200,2,2018,0,0,1,0,0,0,0,0,0,0
-2147483648,4,3,153,200,0,3500,2,2018,1,0,1,0,0,0,0,0,0,0
650000000,2,1,66,33,1,1300,1,2018,1,0,1,0,0,0,0,0,0,0
650000000,2,1,66,33,1,1300,1,2018,1,0,1,0,0,0,0,0,0,0
650000000,2,1,66,33,1,1300,1,2018,1,0,1,0,0,0,0,0,0,0
1440000000,3,2,90,110,1,2200,2,2018,1,0,1,0,0,0,0,0,0,0
1890000000,2,3,112,110,0,2200,2,2022,1,0,1,0,0,0,0,0,0,0
-2147483648,2,3,144,136,2,2200,2,2022,0,0,1,0,0,0,0,0,0,0
1980000000,6,3,120,155,0,1300,2,2018,1,0,1,0,0,0,0,0,0,0
-2147483648,7,5,940,450,3,4400,2,2018,2,0,1,0,0,0,0,0,0,0
2040000000,4,3,180,120,2,2200,2,2018,2,0,1,0,0,0,0,0,0,0
1980000000,6,3,120,155,0,1300,2,2018,1,0,1,0,0,0,0,0,0,0
1440000000,4,2,198,150,1,2200,2,2018,1,0,1,0,0,0,0,0,0,0
1980000000,6,3,120,155,0,1300,2,2018,1,0,1,0,0,0,0,0,0,0
1440000000,4,2,198,150,1,2200,2,2018,1,0,1,0,0,0,0,0,0,0
1440000000,4,2,198,150,1,2200,2,2018,1,0,1,0,0,0,0,0,0,0
1980000000,6,3,120,155,1,1300,2,2018,1,0,1,0,0,0,0,0,0,0
1440000000,4,2,198,150,1,2200,2,2018,1,0,1,0,0,0,0,0,0,0
2000000000,5,2,198,230,1,2200,2,2018,0,0,1,0,0,0,0,0,0,0
587000000,3,1,60,60,1,2200,2,2022,0,0,1,0,0,0,0,0,0,0
500000000,2,1,78,50,0,1300,1,2015,0,0,1,0,0,0,0,0,0,0
1350000000,3,2,94,96,1,2200,1,2018,0,0,1,0,0,0,0,0,0,0
630000000,2,1,36,90,2,2200,1,2022,0,0,1,0,0,0,0,0,0,0
-2147483648,4,2,808,350,0,3160,1,2018,0,0,1,0,0,0,0,0,0,0
633000000,2,1,72,36,0,2200,1,2018,1,0,1,0,0,0,0,0,0,0
-2147483648,4,4,216,307,2,3160,2,2018,0,0,1,0,0,0,0,0,0,0
-2147483648,4,3,180,249,2,3160,2,2018,0,0,1,0,0,0,0,0,0,0
569000000,4,2,82,70,1,1300,2,2022,0,0,1,0,0,0,0,0,0,0
467000000,2,2,60,49,0,2200,2,2022,1,0,1,0,0,0,0,0,0,0
570000000,4,2,82,70,1,1300,2,2022,1,0,1,0,0,0,0,0,0,0
-2147483648,4,3,153,200,0,3500,2,2018,1,0,1,0,0,0,0,0,0,0
-2147483648,4,3,153,200,0,3500,2,2018,1,0,1,0,0,0,0,0,0,0
-2147483648,4,3,153,200,1,3500,2,2018,1,0,1,0,0,0,0,0,0,0
-2147483648,4,3,153,200,1,3500,2,2018,1,0,1,0,0,0,0,0,0,0
-2147483648,5,4,270,250,0,3300,2,2005,3,0,1,0,0,0,0,0,0,0
2040000000,4,3,180,120,0,2200,2,2018,2,0,1,0,0,0,0,0,0,0
2040000000,3,3,128,200,1,2200,2,2018,0,0,1,0,0,0,0,0,0,0
2040000000,3,3,128,200,1,2200,2,2018,0,0,1,0,0,0,0,0,0,0
2040000000,3,3,128,200,1,2200,2,2018,0,0,1,0,0,0,0,0,0,0
2040000000,3,3,128,200,1,2200,2,2018,0,0,1,0,0,0,0,0,0,0
1100000000,3,2,84,155,1,2200,2,2002,0,0,1,0,0,0,0,0,0,0
1440000000,4,3,126,180,1,1300,2,2018,0,0,1,0,0,0,0,0,0,0
1440000000,4,3,126,180,1,1300,2,2018,0,0,1,0,0,0,0,0,0,0
1440000000,4,2,198,150,1,2200,2,2018,0,0,1,0,0,0,0,0,0,0
780000000,3,2,116,85,1,1300,1,2018,1,0,1,0,0,0,0,0,0,0
1980000000,6,3,120,155,1,1300,2,2018,1,0,1,0,0,0,0,0,0,0
1440000000,4,3,126,180,1,1300,2,2018,1,0,1,0,0,0,0,0,0,0
1000000000,7,6,309,300,3,2200,2,2018,0,0,1,0,0,0,0,0,0,0
1350000000,3,2,94,96,1,2200,1,2018,0,0,1,0,0,0,0,0,0,0
530000000,3,2,64,54,2,2200,2,2022,2,0,1,0,0,0,0,0,0,0
784000000,3,3,90,80,1,2200,2,2018,0,0,1,0,0,0,0,0,0,0
-2147483648,4,4,366,450,1,5500,1,2018,2,0,1,0,0,0,0,0,0,0
-2147483648,4,3,502,430,0,8000,2,2018,4,0,1,0,0,0,0,0,0,0
-2147483648,4,4,625,350,2,4400,2,2009,1,0,1,0,0,0,0,0,0,0
890000000,2,2,60,55,1,2200,2,2018,0,0,1,0,0,0,0,0,0,0
810000000,2,1,90,45,1,1300,1,2018,0,0,1,0,0,0,0,0,0,0
630000000,2,1,84,70,1,1300,1,2018,1,0,1,0,0,0,0,0,0,0
-2147483648,3,3,165,160,1,2200,2,2018,1,0,1,0,0,0,0,0,0,0
468000000,3,2,109,90,1,1300,1,2009,0,0,1,0,0,0,0,0,0,0
1350000000,3,2,94,96,1,2200,1,2018,0,0,1,0,0,0,0,0,0,0
570000000,2,1,69,72,1,1300,1,2022,1,0,1,0,0,0,0,0,0,0
-2147483648,4,2,230,300,0,3160,2,2018,0,0,1,0,0,0,0,0,0,0
-2147483648,4,2,230,300,0,3160,2,2018,0,0,1,0,0,0,0,0,0,0
-2147483648,3,2,215,200,2,3160,2,2018,0,0,1,0,0,0,0,0,0,0
2000000000,3,3,120,160,1,2200,2,2020,0,0,1,0,0,0,0,0,0,0
388000000,2,1,120,50,1,1300,1,2018,0,0,1,0,0,0,0,0,0,0
-2147483648,4,3,180,237,2,2200,3,2022,0,0,1,0,0,0,0,0,0,0
546000000,2,1,60,30,1,1300,1,2022,0,0,1,0,0,0,0,0,0,0
1000000000,5,2,168,155,1,1300,1,2019,0,0,1,0,0,0,0,0,0,0
1680000000,3,2,186,110,2,1300,2,2018,0,0,1,0,0,0,0,0,0,0
-2147483648,3,3,165,160,0,2200,2,2018,1,0,1,0,0,0,0,0,0,0
-2147483648,3,3,165,160,1,2200,2,2018,1,0,1,0,0,0,0,0,0,0
1680000000,3,2,200,90,1,2200,1,2018,1,0,1,0,0,0,0,0,0,0
1680000000,3,2,186,110,1,1300,2,2018,0,0,1,0,0,0,0,0,0,0
-2147483648,3,3,165,160,0,2200,2,2018,1,0,1,0,0,0,0,0,0,0
1680000000,3,2,186,110,1,1300,2,2018,0,0,1,0,0,0,0,0,0,0
-2147483648,3,3,165,160,0,2200,2,2018,1,0,1,0,0,0,0,0,0,0
1680000000,3,2,200,90,0,2200,1,2018,1,0,1,0,0,0,0,0,0,0
1680000000,3,2,186,110,2,1300,2,2018,0,0,1,0,0,0,0,0,0,0
1680000000,3,2,186,110,2,1300,2,2018,0,0,1,0,0,0,0,0,0,0
1680000000,3,2,200,90,2,3500,1,2018,0,0,1,0,0,0,0,0,0,0
1350000000,3,2,94,96,0,2200,1,2018,0,0,1,0,0,0,0,0,0,0
1400000000,4,3,120,100,1,3160,2,2018,0,0,1,0,0,0,0,0,0,0
-2147483648,4,4,1000,276,1,2200,1,2018,2,0,1,0,0,0,0,0,0,0
2040000000,4,3,180,120,0,2200,2,2018,2,0,1,0,0,0,0,0,0,0
275000000,2,1,60,36,1,1300,1,2022,0,0,1,0,0,0,0,0,0,0
275000000,2,1,60,36,1,1300,1,2022,1,0,1,0,0,0,0,0,0,0
1680000000,3,2,200,90,0,2200,1,2018,1,0,1,0,0,0,0,0,0,0
-2147483648,4,4,330,525,3,5500,2,2018,1,0,1,0,0,0,0,0,0,0
1500000000,3,2,128,99,2,4400,2,2018,0,0,1,0,0,0,0,0,0,0
1450000000,3,2,120,90,0,3160,2,2018,0,0,1,0,0,0,0,0,0,0
-2147483648,3,2,200,240,1,4400,2,2018,0,0,1,0,0,0,0,0,0,0
1350000000,3,2,94,96,1,2200,1,2022,0,0,1,0,0,0,0,0,0,0
-2147483648,4,3,300,350,0,3160,2,2018,0,0,1,0,0,0,0,0,0,0
1250000000,3,2,105,110,0,3160,2,2018,0,0,1,0,0,0,0,0,0,0
1600000000,4,3,144,170,2,3160,2,2018,0,0,1,0,0,0,0,0,0,0
1450000000,3,2,105,140,0,3160,2,2018,0,0,1,0,0,0,0,0,0,0
-2147483648,5,4,577,600,2,3160,2,2018,2,0,1,0,0,0,0,0,0,0
-2147483648,5,3,220,300,0,3160,2,2018,0,0,1,0,0,0,0,0,0,0
-2147483648,5,3,220,300,0,3160,2,2018,0,0,1,0,0,0,0,0,0,0
-2147483648,4,3,375,400,4,4400,2,2018,2,0,1,0,0,0,0,0,0,0
1030000000,2,1,105,70,1,2200,1,2018,0,0,1,0,0,0,0,0,0,0
1200000000,3,2,105,120,1,2200,2,2018,0,0,1,0,0,0,0,0,0,0
-2147483648,4,4,200,200,1,3300,1,2018,0,0,1,0,0,0,0,0,0,0
-2147483648,4,3,160,232,2,4400,2,2018,1,0,1,0,0,0,0,0,0,0
700000000,2,1,90,45,1,1300,1,2022,0,0,1,0,0,0,0,0,0,0
699000000,2,1,90,45,1,1300,1,2022,0,0,1,0,0,0,0,0,0,0
-2147483648,4,4,180,237,2,4400,3,2021,0,0,1,0,0,0,0,0,0,0
-2147483648,4,4,300,381,2,3160,3,2022,2,0,1,0,0,0,0,0,0,0
-2147483648,4,4,315,381,2,3160,3,2022,2,0,1,0,0,0,0,0,0,0
-2147483648,4,4,240,333,2,3160,3,2022,1,0,1,0,0,0,0,0,0,0
1150000000,2,1,105,45,1,1300,1,2010,0,0,1,0,0,0,0,0,0,0
-2147483648,4,3,180,237,2,2200,3,2022,0,0,1,0,0,0,0,0,0,0
900000000,3,1,81,81,0,1300,1,2018,1,0,1,0,0,0,0,0,0,0
1350000000,3,2,94,96,1,2200,1,2022,0,0,1,0,0,0,0,0,0,0
900000000,3,2,70,90,1,2200,2,2022,0,0,1,0,0,0,0,0,0,0
1440000000,4,3,126,180,1,1300,2,2018,0,0,1,0,0,0,0,0,0,0
1440000000,4,3,126,180,1,1300,2,2018,0,0,1,0,0,0,0,0,0,0
755000000,3,2,78,60,1,1300,2,2022,0,0,1,0,0,0,0,0,0,0
785000000,3,2,85,60,1,1300,2,2022,0,0,1,0,0,0,0,0,0,0
685000000,3,2,64,60,1,1300,2,2022,0,0,1,0,0,0,0,0,0,0
830000000,3,2,112,75,1,1300,1,2014,0,0,1,0,0,0,0,0,0,0
830000000,3,2,112,75,1,1300,1,2014,0,0,1,0,0,0,0,0,0,0
725000000,2,1,84,36,1,2200,1,2018,0,0,1,0,0,0,0,0,0,0
1620000000,5,2,104,180,1,2200,3,2018,0,0,1,0,0,0,0,0,0,0
400000000,2,1,72,36,1,1300,1,2022,1,0,1,0,0,0,0,0,0,0
280000000,2,1,50,40,1,1300,1,2022,0,0,1,0,0,0,0,0,0,0
495000000,2,1,96,50,0,1300,1,2022,0,0,1,0,0,0,0,0,0,0
780000000,2,1,105,55,1,2200,1,2018,0,0,1,0,0,0,0,0,0,0
780000000,2,1,105,55,1,2200,1,2018,0,0,1,0,0,0,0,0,0,0
-2147483648,4,4,350,370,4,2200,2,2018,4,0,1,0,0,0,0,0,0,0
1650000000,3,1,154,100,1,2200,1,2010,0,0,1,0,0,0,0,0,0,0
1350000000,3,2,94,96,1,2200,1,2018,0,0,1,0,0,0,0,0,0,0
975000000,3,2,148,140,1,2200,2,2018,1,0,1,0,0,0,0,0,0,0
975000000,3,2,148,140,2,2200,2,2018,0,0,1,0,0,0,0,0,0,0
992000000,2,2,75,84,0,2200,2,2022,0,0,1,0,0,0,0,0,0,0
2040000000,4,3,180,120,0,2200,2,2018,2,0,1,0,0,0,0,0,0,0
2040000000,4,3,180,120,2,2200,2,2018,2,0,1,0,0,0,0,0,0,0
1000000000,2,2,210,67,1,1300,1,2019,0,0,1,0,0,0,0,0,0,0
-2147483648,3,3,347,303,1,10000,2,2015,2,0,1,0,0,0,0,0,0,0
-2147483648,4,4,508,278,2,5500,2,2018,0,0,1,0,0,0,0,0,0,0
2040000000,3,3,128,200,1,2200,2,2018,0,0,1,0,0,0,0,0,0,0
798000000,2,2,60,61,2,2200,2,2020,0,0,1,0,0,0,0,0,0,0
590000000,2,2,60,40,2,3160,2,2022,0,0,1,0,0,0,0,0,0,0
749000000,3,1,72,48,1,2200,1,2022,0,0,1,0,0,0,0,0,0,0
674000000,2,1,72,39,1,2200,1,2022,0,0,1,0,0,0,0,0,0,0
516000000,2,1,60,27,1,2200,1,2022,0,0,1,0,0,0,0,0,0,0
516000000,2,1,60,27,1,2200,1,2024,0,0,1,0,0,0,0,0,0,0
655000000,3,2,64,60,1,1300,2,2022,2,0,1,0,0,0,0,0,0,0
782000000,2,2,60,61,2,2200,2,2022,0,0,1,0,0,0,0,0,0,0
460000000,2,1,27,60,0,1300,1,2022,0,0,1,0,0,0,0,0,0,0
800000000,2,2,60,61,2,2200,1,2018,2,0,1,0,0,0,0,0,0,0
475000000,2,1,72,36,0,1300,1,2018,0,0,1,0,0,0,0,0,0,0
450000000,2,1,72,36,1,1300,1,2018,0,0,1,0,0,0,0,0,0,0
400000000,2,2,120,90,1,3160,1,2020,0,0,1,0,0,0,0,0,0,0
470000000,2,1,147,40,1,1300,1,2018,1,0,1,0,0,0,0,0,0,0
470000000,2,1,147,40,1,1300,1,2018,1,0,1,0,0,0,0,0,0,0
168000000,1,1,66,24,0,1300,1,2022,0,0,1,0,0,0,0,0,0,0
400000000,2,1,60,40,1,1300,1,2022,0,0,1,0,0,0,0,0,0,0
400000000,2,1,60,40,1,1300,1,2022,0,0,1,0,0,0,0,0,0,0
500000000,2,2,60,48,1,2200,1,2022,1,0,1,0,0,0,0,0,0,0
1350000000,3,2,94,96,1,2200,2,2021,0,0,1,0,0,0,0,0,0,0
619000000,2,1,90,36,1,1300,1,2021,1,0,1,0,0,0,0,0,0,0
551000000,2,1,70,36,1,1300,1,2022,1,0,1,0,0,0,0,0,0,0
551000000,2,1,70,36,1,1300,1,2022,1,0,1,0,0,0,0,0,0,0
551000000,2,1,70,36,1,1300,1,2022,1,0,1,0,0,0,0,0,0,0
875000000,2,2,105,56,0,1300,1,2021,0,0,1,0,0,0,0,0,0,0
908000000,2,1,125,48,1,1300,1,2020,1,0,1,0,0,0,0,0,0,0
651000000,2,1,84,45,1,1300,1,2022,0,0,1,0,0,0,0,0,0,0
651000000,2,1,84,45,1,1300,1,2022,0,0,1,0,0,0,0,0,0,0
651000000,2,1,84,45,1,1300,1,2022,0,0,1,0,0,0,0,0,0,0
651000000,2,1,84,45,1,1300,1,2022,0,0,1,0,0,0,0,0,0,0
651000000,2,1,84,45,1,1300,1,2022,0,0,1,0,0,0,0,0,0,0
1070000000,3,3,84,95,1,2200,1,2020,1,0,1,0,0,0,0,0,0,0
535000000,2,1,70,36,1,1300,1,2022,0,0,1,0,0,0,0,0,0,0
535000000,2,1,70,36,1,1300,1,2022,0,0,1,0,0,0,0,0,0,0
535000000,2,1,70,36,1,1300,1,2022,0,0,1,0,0,0,0,0,0,0
551000000,2,1,70,36,1,1300,1,2022,0,0,1,0,0,0,0,0,0,0
551000000,2,1,70,36,1,1300,1,2022,0,0,1,0,0,0,0,0,0,0
551000000,2,1,70,36,1,1300,1,2022,0,0,1,0,0,0,0,0,0,0
661000000,2,1,84,40,1,1300,1,2022,0,0,1,0,0,0,0,0,0,0
1160000000,3,3,84,95,1,2200,1,2022,0,0,1,0,0,0,0,0,0,0
921000000,2,1,125,48,1,1300,1,2020,2,0,1,0,0,0,0,0,0,0
500000000,2,1,72,36,1,1300,1,2022,1,0,1,0,0,0,0,0,0,0
650000000,2,1,90,51,2,1300,1,2010,0,0,1,0,0,0,0,0,0,0
551000000,2,1,70,36,1,1300,1,2022,0,0,1,0,0,0,0,0,0,0
980000000,2,1,125,48,1,1300,1,2022,0,0,1,0,0,0,0,0,0,0
655000000,3,2,64,60,1,1300,2,2022,2,0,1,0,0,0,0,0,0,0
800000000,2,1,60,42,1,2200,1,2022,1,0,1,0,0,0,0,0,0,0
1200000000,3,2,165,74,1,2200,2,2022,1,0,1,0,0,0,0,0,0,0
700000000,3,2,68,62,1,2200,2,2022,1,0,1,0,0,0,0,0,0,0
1350000000,3,2,94,96,1,2200,1,2022,0,0,1,0,0,0,0,0,0,0
685000000,3,2,64,60,1,1300,2,2022,0,0,1,0,0,0,0,0,0,0
514000000,2,1,60,22,0,2200,1,2022,0,0,1,0,0,0,0,0,0,0
798000000,3,2,72,70,2,2200,2,2022,0,0,1,0,0,0,0,0,0,0
75000000,2,1,60,30,1,900,1,2019,1,0,1,0,0,0,0,0,0,0
455000000,2,1,65,36,0,1300,1,2022,0,0,1,0,0,0,0,0,0,0
931000000,2,2,60,72,2,2200,2,2019,0,0,1,0,0,0,0,0,0,0
410000000,2,1,60,36,1,1300,1,2022,0,0,1,0,0,0,0,0,0,0
900000000,3,2,70,90,1,2200,2,2022,0,0,1,0,0,0,0,0,0,0
440000000,2,1,61,40,0,1300,1,2022,0,0,1,0,0,0,0,0,0,0
470000000,2,1,147,40,1,1300,1,2018,1,0,1,0,0,0,0,0,0,0
470000000,2,1,147,40,1,1300,1,2018,1,0,1,0,0,0,0,0,0,0
466000000,2,1,60,40,1,1300,1,2022,0,0,1,0,0,0,0,0,0,0
400000000,2,1,60,40,1,1300,1,2022,0,0,1,0,0,0,0,0,0,0
400000000,2,1,60,40,1,1300,1,2022,0,0,1,0,0,0,0,0,0,0
800000000,3,2,70,60,1,2200,2,2022,0,0,1,0,0,0,0,0,0,0
750000000,3,2,70,60,1,2200,2,2022,0,0,1,0,0,0,0,0,0,0
450000000,2,1,72,36,1,1300,1,2015,0,0,1,0,0,0,0,0,0,0
390000000,2,1,72,45,0,1300,1,2018,1,0,1,0,0,0,0,0,0,0
400000000,2,1,72,36,1,1300,1,2022,1,0,1,0,0,0,0,0,0,0
330000000,2,1,72,60,1,1300,1,2019,0,0,1,0,0,0,0,0,0,0
300000000,2,1,72,60,1,1300,1,2019,1,0,1,0,0,0,0,0,0,0
265000000,2,1,67,36,0,900,1,2019,1,0,1,0,0,0,0,0,0,0
499000000,3,2,66,41,1,1300,2,2018,1,0,1,0,0,0,0,0,0,0
225000000,2,1,60,36,1,1300,1,2022,0,0,1,0,0,0,0,0,0,0
-2147483648,5,5,180,450,0,2200,3,2018,2,0,1,0,0,0,0,0,0,0
300000000,3,1,72,45,1,3160,1,2010,0,0,1,0,0,0,0,0,0,0
470000000,2,1,147,40,1,1300,1,2018,1,0,1,0,0,0,0,0,0,0
470000000,2,1,147,40,1,1300,1,2018,1,0,1,0,0,0,0,0,0,0
-2147483648,3,2,1068,400,2,3160,2,2018,1,0,1,0,0,0,0,0,0,0
-2147483648,3,3,238,154,0,2200,2,2018,0,0,1,0,0,0,0,0,0,0
-2147483648,3,3,924,220,2,5500,2,2018,2,0,1,0,0,0,0,0,0,0
-2147483648,3,2,600,220,4,5500,2,2013,2,0,1,0,0,0,0,0,0,0
-2147483648,3,3,600,220,2,5500,2,2018,1,0,1,0,0,0,0,0,0,0
395000000,2,1,72,36,1,1300,1,2022,0,0,1,0,0,0,0,0,0,0
-2147483648,4,2,928,100,1,2200,1,2018,0,0,1,0,0,0,0,0,0,0
260000000,4,2,100,70,0,1300,1,2019,0,0,1,0,0,0,0,0,0,0
1350000000,3,2,94,96,1,2200,1,2018,0,0,1,0,0,0,0,0,0,0
-2147483648,3,2,394,176,1,6600,2,2010,1,0,1,0,0,0,0,0,0,0
1550000000,3,2,170,90,1,2200,2,2018,0,0,1,0,0,0,0,0,0,0
875000000,2,1,105,80,1,2200,1,2014,0,0,1,0,0,0,0,0,0,0
-2147483648,6,3,563,171,2,2200,1,2013,2,0,1,0,0,0,0,0,0,0
1370000000,3,3,195,149,0,3160,2,2018,1,0,1,0,0,0,0,0,0,0
1500000000,3,2,136,168,1,4400,2,2012,0,0,1,0,0,0,0,0,0,0
-2147483648,4,3,198,170,2,3500,2,2018,0,0,1,0,0,0,0,0,0,0
-2147483648,4,3,240,250,3,3160,1,2018,1,0,1,0,0,0,0,0,0,0
1350000000,3,2,94,96,1,2200,1,2022,0,0,1,0,0,0,0,0,0,0
-2147483648,4,4,180,180,2,3160,2,2018,0,0,1,0,0,0,0,0,0,0
-2147483648,4,4,240,228,1,2200,1,2018,0,0,1,0,0,0,0,0,0,0
1330000000,3,2,160,88,2,2200,1,2022,0,0,1,0,0,0,0,0,0,0
-2147483648,5,3,465,347,0,5500,2,2018,0,0,1,0,0,0,0,0,0,0
1250000000,3,2,214,275,2,3500,2,2010,0,0,1,0,0,0,0,0,0,0
575000000,2,1,90,80,0,3160,1,2017,0,0,1,0,0,0,0,0,0,0
476000000,2,1,86,40,1,1300,1,2022,0,0,1,0,0,0,0,0,0,0
1350000000,3,2,94,96,1,2200,1,2018,0,0,1,0,0,0,0,0,0,0
540000000,2,1,85,45,1,1300,1,2022,0,0,1,0,0,0,0,0,0,0
360000000,2,1,72,36,1,1300,1,2021,0,0,1,0,0,0,0,0,0,0
451000000,2,1,60,32,1,1300,1,2022,1,0,1,0,0,0,0,0,0,0
443000000,2,1,60,36,1,1300,1,2022,1,0,1,0,0,0,0,0,0,0
439000000,2,1,60,36,1,1300,1,2022,1,0,1,0,0,0,0,0,0,0
425000000,2,1,60,36,1,1300,1,2022,1,0,1,0,0,0,0,0,0,0
415000000,2,1,60,36,1,1300,1,2022,1,0,1,0,0,0,0,0,0,0
409000000,2,1,60,36,0,1300,1,2022,1,0,1,0,0,0,0,0,0,0
300000000,2,1,84,42,1,1300,1,2020,0,0,1,0,0,0,0,0,0,0
470000000,2,1,147,40,1,1300,1,2018,1,0,1,0,0,0,0,0,0,0
470000000,2,1,147,40,1,1300,1,2018,1,0,1,0,0,0,0,0,0,0
599000000,2,1,42,84,0,1300,1,2020,0,0,1,0,0,0,0,0,0,0
200000000,2,1,50,36,1,1300,1,2018,1,0,1,0,0,0,0,0,0,0
-2147483648,4,3,1337,144,1,900,1,2018,1,0,1,0,0,0,0,0,0,0
650000000,3,2,60,90,1,1300,3,2020,0,0,1,0,0,0,0,0,0,0
1800000000,4,2,487,250,0,3160,2,2018,0,0,1,0,0,0,0,0,0,0
900000000,4,2,150,100,0,3160,1,2018,0,0,1,0,0,0,0,0,0,0
1500000000,3,2,1000,150,0,1300,2,2005,0,0,1,0,0,0,0,0,0,0
1350000000,3,2,94,96,1,2200,1,2018,0,0,1,0,0,0,0,0,0,0
-2147483648,3,3,363,170,0,4400,1,2015,2,0,1,0,0,0,0,0,0,0
-2147483648,3,3,531,222,1,4400,1,2015,2,0,1,0,0,0,0,0,0,0
1350000000,3,2,94,96,1,2200,2,2022,0,0,1,0,0,0,0,0,0,0
1350000000,3,2,94,96,1,2200,1,2018,0,0,1,0,0,0,0,0,0,0
1350000000,3,2,94,96,1,2200,1,2018,0,0,1,0,0,0,0,0,0,0
1350000000,3,2,94,96,1,2200,1,2018,0,0,1,0,0,0,0,0,0,0
285000000,2,1,60,36,0,1300,1,2022,1,0,1,0,0,0,0,0,0,0
285000000,2,1,60,36,1,1300,1,2022,1,0,1,0,0,0,0,0,0,0
1350000000,3,2,94,96,1,2200,1,2018,0,0,1,0,0,0,0,0,0,0
459000000,2,1,60,32,1,3160,1,2022,0,0,1,0,0,0,0,0,0,0
1350000000,3,2,94,96,1,2200,1,2018,0,0,1,0,0,0,0,0,0,0
1350000000,3,2,94,96,1,2200,1,2018,0,0,1,0,0,0,0,0,0,0
600000000,2,1,102,102,1,900,1,2013,0,0,1,0,0,0,0,0,0,0
-2147483648,3,3,202,186,2,3500,2,2020,2,0,1,0,0,0,0,0,0,0
1350000000,3,2,94,96,1,2200,1,2018,0,0,1,0,0,0,0,0,0,0
1350000000,3,2,94,96,1,2200,1,2018,0,0,1,0,0,0,0,0,0,0
835000000,2,1,90,60,1,1300,1,2019,0,0,1,0,0,0,0,0,0,0
1350000000,3,2,94,96,1,2200,1,2018,0,0,1,0,0,0,0,0,0,0
879000000,3,2,92,71,1,2200,2,2022,0,0,1,0,0,0,0,0,0,0
1350000000,3,2,94,96,1,2200,1,2018,0,0,1,0,0,0,0,0,0,0
1350000000,3,2,94,96,1,2200,1,2018,0,0,1,0,0,0,0,0,0,0
1350000000,3,2,94,96,1,2200,1,2018,0,0,1,0,0,0,0,0,0,0
1350000000,3,2,94,96,1,2200,1,2022,0,0,1,0,0,0,0,0,0,0
1350000000,3,2,94,96,1,2200,1,2022,0,0,1,0,0,0,0,0,0,0
900000000,3,2,109,90,1,3500,1,2016,1,0,1,0,0,0,0,0,0,0
1350000000,3,2,94,96,1,2200,1,2022,0,0,1,0,0,0,0,0,0,0
1350000000,3,2,94,96,1,2200,1,2022,0,0,1,0,0,0,0,0,0,0
1350000000,3,2,94,96,1,2200,1,2022,0,0,1,0,0,0,0,0,0,0
1350000000,3,2,94,96,1,2200,1,2022,0,0,1,0,0,0,0,0,0,0
1350000000,3,2,94,96,1,2200,1,2022,0,0,1,0,0,0,0,0,0,0
1350000000,3,2,94,96,1,2200,1,2022,0,0,1,0,0,0,0,0,0,0
1350000000,3,2,94,96,1,2200,1,2022,0,0,1,0,0,0,0,0,0,0
1500000000,4,2,150,100,2,2200,2,2022,0,0,1,0,0,0,0,0,0,0
628000000,3,2,60,63,2,1300,2,2018,0,0,1,0,0,0,0,0,0,0
595000000,2,1,90,45,1,3160,1,2018,0,0,1,0,0,0,0,0,0,0
685000000,3,2,64,60,1,1300,2,2022,0,0,1,0,0,0,0,0,0,0
285000000,2,1,66,45,1,1300,1,2018,1,0,1,0,0,0,0,0,0,0
400000000,2,1,60,40,1,1300,1,2022,0,0,1,0,0,0,0,0,0,0
800000000,3,2,70,60,1,2200,2,2022,0,0,1,0,0,0,0,0,0,0
300000000,2,1,72,50,1,1300,1,2018,1,0,1,0,0,0,0,0,0,0
850000000,3,2,170,110,1,1300,1,2018,1,0,1,0,0,0,0,0,0,0
1200000000,2,1,170,100,1,1300,1,2018,1,0,1,0,0,0,0,0,0,0
550000000,3,2,132,100,0,1300,1,2018,0,0,1,0,0,0,0,0,0,0
355000000,3,2,72,65,1,1300,1,2022,1,0,1,0,0,0,0,0,0,0
430000000,3,2,72,100,1,1300,1,2022,1,0,1,0,0,0,0,0,0,0
245000000,2,1,84,56,0,3160,1,2018,0,0,1,0,0,0,0,0,0,0
245000000,2,1,72,60,0,3160,1,2018,0,0,1,0,0,0,0,0,0,0
950000000,2,1,160,45,0,3160,1,2018,0,0,1,0,0,0,0,0,0,0
250000000,2,1,72,60,0,3160,1,2018,0,0,1,0,0,0,0,0,0,0
250000000,2,1,72,60,0,3160,1,2018,0,0,1,0,0,0,0,0,0,0
295000000,2,1,120,30,0,3160,1,2018,0,0,1,0,0,0,0,0,0,0
235000000,2,1,72,36,0,3160,1,2018,0,0,1,0,0,0,0,0,0,0
350000000,2,1,90,55,1,1300,1,2022,0,0,1,0,0,0,0,0,0,0
350000000,2,1,90,55,1,1300,1,2022,1,0,1,0,0,0,0,0,0,0
350000000,2,1,90,55,1,1300,1,2022,1,0,1,0,0,0,0,0,0,0
225000000,2,1,90,36,0,3160,1,2018,0,0,1,0,0,0,0,0,0,0
280000000,2,1,90,36,0,3160,1,2018,0,0,1,0,0,0,0,0,0,0
650000000,2,2,144,70,1,1300,1,2018,1,0,1,0,0,0,0,0,0,0
549000000,2,1,120,38,1,1300,1,2018,1,0,1,0,0,0,0,0,0,0
434000000,2,1,90,36,1,1300,1,2018,1,0,1,0,0,0,0,0,0,0
750000000,2,2,84,70,1,3500,1,2020,0,0,1,0,0,0,0,0,0,0
450000000,2,1,72,36,1,1300,1,2019,1,0,1,0,0,0,0,0,0,0
1100000000,3,3,155,103,1,2200,2,2018,0,0,1,0,0,0,0,0,0,0
-2147483648,4,4,162,300,1,3500,2,2018,0,0,1,0,0,0,0,0,0,0
1800000000,3,3,162,170,1,2200,2,2018,0,0,1,0,0,0,0,0,0,0
-2147483648,4,3,351,150,1,3300,2,2018,0,0,1,0,0,0,0,0,0,0
1050000000,2,1,115,95,0,2200,1,2018,0,0,1,0,0,0,0,0,0,0
775000000,3,2,72,69,2,2200,2,2022,1,0,1,0,0,0,0,0,0,0
919000000,3,2,110,69,1,2200,2,2022,0,0,1,0,0,0,0,0,0,0
908000000,3,2,108,69,1,2200,1,2022,0,0,1,0,0,0,0,0,0,0
775000000,3,2,72,69,1,2200,2,2022,0,0,1,0,0,0,0,0,0,0
440000000,2,1,78,42,0,1300,1,2022,1,0,1,0,0,0,0,0,0,0
1020000000,4,3,112,133,0,2200,2,2022,1,0,1,0,0,0,0,0,0,0
805000000,4,2,91,112,0,2200,2,2022,1,0,1,0,0,0,0,0,0,0
500000000,3,3,200,350,0,3500,2,2015,2,0,1,0,0,0,0,0,0,0
-2147483648,4,3,198,350,2,4400,2,2018,0,0,1,0,0,0,0,0,0,0
820000000,4,2,178,100,1,2200,1,2005,0,0,1,0,0,0,0,0,0,0
389000000,3,3,110,161,2,2200,2,2021,0,0,1,0,0,0,0,0,0,0
85000000,2,1,72,72,1,1300,1,2017,0,0,1,0,0,0,0,0,0,0
338000000,2,1,72,36,1,1300,1,2022,0,0,1,0,0,0,0,0,0,0
550000000,2,1,72,32,1,2200,1,2012,1,0,1,0,0,0,0,0,0,0
799000000,3,2,74,70,1,2200,2,2022,0,0,0,1,0,0,0,0,0,0
811000000,3,2,72,70,0,1300,2,2022,2,0,0,1,0,0,0,0,0,0
660000000,2,1,80,45,0,2200,1,2018,1,0,0,1,0,0,0,0,0,0
1200000000,3,3,120,100,1,2200,2,2018,1,0,0,1,0,0,0,0,0,0
330000000,2,1,60,40,1,1300,1,2022,1,0,0,1,0,0,0,0,0,0
1200000000,3,3,120,100,1,2200,2,2018,0,0,0,1,0,0,0,0,0,0
660000000,2,1,80,45,0,2200,1,2018,1,0,0,1,0,0,0,0,0,0
-2147483648,3,4,180,200,1,2200,2,2018,1,0,0,1,0,0,0,0,0,0
790000000,3,2,72,85,1,2200,2,2022,1,0,0,1,0,0,0,0,0,0
690000000,2,1,75,50,1,2200,2,2022,1,0,0,1,0,0,0,0,0,0
1030000000,3,2,83,90,0,2200,2,2021,0,0,0,1,0,0,0,0,0,0
660000000,2,1,80,45,1,2200,1,2018,1,0,0,1,0,0,0,0,0,0
495000000,2,1,73,50,1,1300,1,2018,0,0,0,1,0,0,0,0,0,0
885000000,3,3,54,85,1,2200,2,2022,1,0,0,1,0,0,0,0,0,0
775000000,3,2,91,75,1,2200,1,2022,1,0,0,1,0,0,0,0,0,0
900000000,2,1,60,72,1,1300,1,2022,1,0,0,1,0,0,0,0,0,0
650000000,2,1,75,45,1,1300,1,2021,0,0,0,1,0,0,0,0,0,0
799000000,3,2,70,74,1,2200,2,2022,1,0,0,1,0,0,0,0,0,0
930000000,3,2,72,80,1,2200,2,2022,1,0,0,1,0,0,0,0,0,0
895000000,3,3,68,90,2,2200,2,2022,2,0,0,1,0,0,0,0,0,0
775000000,3,2,91,70,1,2200,1,2022,1,0,0,1,0,0,0,0,0,0
725000000,2,1,68,42,1,2200,1,2022,0,0,0,1,0,0,0,0,0,0
800000000,3,2,70,72,2,2200,2,2022,2,0,0,1,0,0,0,0,0,0
1150000000,3,3,70,110,1,2200,2,2022,1,0,0,1,0,0,0,0,0,0
494000000,2,1,66,40,1,1300,1,2022,1,0,0,1,0,0,0,0,0,0
940000000,3,3,88,100,2,2200,2,2022,2,0,0,1,0,0,0,0,0,0
1200000000,4,3,180,356,2,2200,2,2018,0,0,0,1,0,0,0,0,0,0
560000000,3,2,55,47,1,1300,2,2022,1,0,0,1,0,0,0,0,0,0
350000000,2,1,60,40,1,1300,1,2022,0,0,0,1,0,0,0,0,0,0
625000000,2,1,75,55,1,1300,1,2022,1,0,0,1,0,0,0,0,0,0
750000000,3,2,103,60,1,2200,1,2022,1,0,0,1,0,0,0,0,0,0
675000000,2,1,70,50,1,1300,1,2022,1,0,0,1,0,0,0,0,0,0
400000000,2,1,68,45,1,1300,1,2022,0,0,0,1,0,0,0,0,0,0
895000000,3,2,89,75,1,2200,1,2022,1,0,0,1,0,0,0,0,0,0
930000000,4,3,85,120,1,2200,2,2022,1,0,0,1,0,0,0,0,0,0
865000000,3,3,50,80,2,2200,2,2022,0,0,0,1,0,0,0,0,0,0
1120000000,3,3,72,100,1,2200,2,2022,2,0,0,1,0,0,0,0,0,0
1150000000,3,2,70,100,0,3160,2,2022,1,0,0,1,0,0,0,0,0,0
1270000000,3,3,65,92,0,3160,2,2022,1,0,0,1,0,0,0,0,0,0
1000000000,3,2,100,84,0,3160,2,2022,2,0,0,1,0,0,0,0,0,0
220000000,2,1,60,36,1,1300,1,2022,0,0,0,1,0,0,0,0,0,0
390000000,2,2,150,54,2,1300,1,2022,1,0,0,1,0,0,0,0,0,0
1580000000,3,3,84,90,1,3500,2,2022,0,0,0,1,0,0,0,0,0,0
1300000000,3,3,75,103,1,2200,3,2022,2,0,0,1,0,0,0,0,0,0
945000000,3,2,60,74,1,2200,2,2022,1,0,0,1,0,0,0,0,0,0
1200000000,4,3,117,165,1,2200,2,2021,0,0,0,1,0,0,0,0,0,0
1580000000,3,3,84,85,2,3500,2,2022,0,0,0,1,0,0,0,0,0,0
550000000,2,1,63,37,1,1300,1,2022,1,0,0,1,0,0,0,0,0,0
-2147483648,4,4,232,150,1,2200,2,2018,0,0,0,1,0,0,0,0,0,0
1050000000,5,2,83,154,1,2200,2,2018,0,0,0,1,0,0,0,0,0,0
875000000,3,2,61,78,2,2200,2,2022,2,0,0,1,0,0,0,0,0,0
1200000000,2,3,98,78,0,2200,2,2018,1,0,0,1,0,0,0,0,0,0
800000000,3,2,67,54,2,2200,2,2022,2,0,0,1,0,0,0,0,0,0
750000000,3,2,62,63,2,2200,2,2022,2,0,0,1,0,0,0,0,0,0
1980000000,4,3,143,180,1,3500,2,2017,0,0,0,1,0,0,0,0,0,0
1050000000,5,2,83,154,1,2200,2,2018,0,0,0,1,0,0,0,0,0,0
-2147483648,4,4,232,150,1,2200,2,2018,0,0,0,1,0,0,0,0,0,0
595000000,2,1,88,40,2,1300,1,2022,0,0,0,1,0,0,0,0,0,0
1050000000,5,2,83,154,1,2200,2,2018,0,0,0,1,0,0,0,0,0,0
535000000,2,1,73,40,0,1300,1,2022,0,0,0,1,0,0,0,0,0,0
897000000,3,2,90,70,1,2200,2,2022,1,0,0,1,0,0,0,0,0,0
678000000,3,2,60,54,2,2200,2,2022,2,0,0,1,0,0,0,0,0,0
617000000,2,2,60,46,1,2200,2,2022,1,0,0,1,0,0,0,0,0,0
-2147483648,4,4,232,150,1,2200,2,2018,0,0,0,1,0,0,0,0,0,0
1020000000,2,1,86,50,1,1300,1,2018,1,0,0,1,0,0,0,0,0,0
945000000,2,1,105,60,1,2200,1,2018,1,0,0,1,0,0,0,0,0,0
945000000,2,1,105,60,1,2200,1,2018,1,0,0,1,0,0,0,0,0,0
1050000000,3,2,83,154,1,2200,2,2018,0,0,0,1,0,0,0,0,0,0
840000000,2,1,84,48,1,2200,1,2018,0,0,0,1,0,0,0,0,0,0
1050000000,3,2,67,70,0,4400,1,2021,0,0,0,1,0,0,0,0,0,0
1020000000,3,2,67,70,0,2200,2,2021,0,0,0,1,0,0,0,0,0,0
1300000000,4,2,115,135,1,1300,1,2018,1,0,0,1,0,0,0,0,0,0
800000000,3,2,68,56,2,2200,2,2022,2,0,0,1,0,0,0,0,0,0
795000000,3,2,60,77,0,2200,2,2021,1,0,0,1,0,0,0,0,0,0
897000000,3,2,70,70,2,2200,2,2022,2,0,0,1,0,0,0,0,0,0
607000000,2,2,60,46,1,2200,2,2022,1,0,0,1,0,0,0,0,0,0
1950000000,2,2,158,90,0,2200,1,2014,0,0,0,1,0,0,0,0,0,0
-2147483648,2,1,218,45,4,2200,1,2018,0,0,0,1,0,0,0,0,0,0
710000000,3,2,62,70,1,2200,2,2022,0,0,0,1,0,0,0,0,0,0
800000000,3,3,101,78,1,3500,2,2022,1,0,0,1,0,0,0,0,0,0
850000000,3,2,56,60,1,1300,2,2022,0,0,0,1,0,0,0,0,0,0
900000000,4,2,178,135,1,2200,2,2018,0,0,0,1,0,0,0,0,0,0
839000000,3,2,70,69,0,2200,2,2020,2,0,0,1,0,0,0,0,0,0
662000000,2,2,40,52,1,2200,2,2022,1,0,0,1,0,0,0,0,0,0
679000000,3,2,57,54,0,2200,2,2022,0,0,0,1,0,0,0,0,0,0
1960000000,3,3,163,130,0,3160,2,2020,1,0,0,1,0,0,0,0,0,0
1510000000,3,2,74,88,0,3160,2,2022,2,0,0,1,0,0,0,0,0,0
1470000000,3,2,90,90,0,3160,2,2020,1,0,0,1,0,0,0,0,0,0
1610000000,3,2,151,88,0,3160,2,2021,1,0,0,1,0,0,0,0,0,0
1340000000,3,3,78,110,0,3160,2,2022,2,0,0,1,0,0,0,0,0,0
865000000,3,2,58,76,0,3160,2,2022,1,0,0,1,0,0,0,0,0,0
563000000,2,1,61,37,0,1300,1,2022,0,0,0,1,0,0,0,0,0,0
563000000,2,1,61,37,0,1300,1,2022,0,0,0,1,0,0,0,0,0,0
563000000,2,1,61,37,0,1300,1,2022,0,0,0,1,0,0,0,0,0,0
670000000,2,1,92,45,2,3160,1,2018,0,0,0,1,0,0,0,0,0,0
260000000,2,1,60,36,1,1300,1,2022,0,0,0,1,0,0,0,0,0,0
365000000,2,1,62,36,1,1300,1,2022,1,0,0,1,0,0,0,0,0,0
660000000,2,1,82,50,1,1300,1,2018,0,0,0,1,0,0,0,0,0,0
195000000,2,1,40,36,1,1300,1,2022,0,0,0,1,0,0,0,0,0,0
440000000,2,1,60,36,1,1300,1,2022,1,0,0,1,0,0,0,0,0,0
400000000,3,2,203,130,2,1300,1,2018,2,0,0,1,0,0,0,0,0,0
85000000,2,1,60,30,0,900,1,2020,0,0,0,1,0,0,0,0,0,0
370000000,3,1,65,36,1,1300,1,2025,1,0,0,1,0,0,0,0,0,0
410000000,2,1,74,36,0,1300,1,2022,0,0,0,1,0,0,0,0,0,0
473000000,2,1,72,36,1,1300,1,2022,0,0,0,1,0,0,0,0,0,0
501000000,2,1,85,36,2,1300,1,2022,0,0,0,1,0,0,0,0,0,0
200000000,2,1,50,36,1,1300,1,2022,1,0,0,1,0,0,0,0,0,0
215000000,2,1,50,36,1,1300,1,2022,0,0,0,1,0,0,0,0,0,0
559000000,2,1,74,36,0,1300,1,2022,0,0,0,1,0,0,0,0,0,0
410000000,2,1,65,36,1,1300,1,2022,0,0,0,1,0,0,0,0,0,0
372000000,2,1,75,27,1,1300,1,2019,0,0,0,1,0,0,0,0,0,0
375000000,2,1,75,27,1,1300,1,2018,1,0,0,1,0,0,0,0,0,0
325000000,2,1,60,40,1,1300,1,2022,1,0,0,1,0,0,0,0,0,0
325000000,2,1,60,40,1,1300,1,2022,1,0,0,1,0,0,0,0,0,0
325000000,2,1,60,40,1,1300,1,2022,1,0,0,1,0,0,0,0,0,0
200000000,3,1,45,36,0,1300,1,2022,1,0,0,1,0,0,0,0,0,0
150000000,2,1,55,36,0,1300,1,2022,1,0,0,1,0,0,0,0,0,0
1560000000,3,2,109,90,2,2200,2,2018,0,0,0,1,0,0,0,0,0,0
849000000,3,3,50,85,2,2200,2,2022,2,0,0,1,0,0,0,0,0,0
960000000,3,2,70,115,1,2200,2,2022,0,0,0,1,0,0,0,0,0,0
615000000,2,1,70,48,1,1300,1,2022,0,0,0,1,0,0,0,0,0,0
940000000,3,3,88,120,1,2200,2,2022,1,0,0,1,0,0,0,0,0,0
775000000,3,2,91,70,1,2200,1,2022,1,0,0,1,0,0,0,0,0,0
625000000,2,1,75,50,1,1300,1,2022,1,0,0,1,0,0,0,0,0,0
680000000,2,2,64,60,1,2200,2,2022,1,0,0,1,0,0,0,0,0,0
700000000,2,1,105,55,2,1300,1,2022,2,0,0,1,0,0,0,0,0,0
600000000,2,1,85,50,1,2200,1,2022,1,0,0,1,0,0,0,0,0,0
995000000,4,3,80,95,2,2200,2,2022,2,0,0,1,0,0,0,0,0,0
774000000,3,2,92,70,1,2200,1,2022,1,0,0,1,0,0,0,0,0,0
590000000,2,1,70,48,1,1300,1,2022,0,0,0,1,0,0,0,0,0,0
754000000,3,2,50,70,0,1300,2,2022,1,0,0,1,0,0,0,0,0,0
774000000,3,2,68,56,1,2200,2,2022,1,0,0,1,0,0,0,0,0,0
799000000,3,2,70,60,1,2200,2,2022,1,0,0,1,0,0,0,0,0,0
600000000,2,1,85,50,1,1300,1,2022,1,0,0,1,0,0,0,0,0,0
725000000,2,1,70,55,1,1300,1,2022,1,0,0,1,0,0,0,0,0,0
790000000,3,2,70,89,1,2200,2,2022,0,0,0,1,0,0,0,0,0,0
900000000,3,2,60,80,1,2200,2,2022,1,0,0,1,0,0,0,0,0,0
680000000,2,2,60,60,1,2200,2,2022,1,0,0,1,0,0,0,0,0,0
1490000000,3,3,98,130,1,2200,2,2022,0,0,0,1,0,0,0,0,0,0
1490000000,3,3,95,130,2,2200,2,2022,2,0,0,1,0,0,0,0,0,0
484000000,2,1,72,45,0,1300,1,2022,0,0,0,1,0,0,0,0,0,0
1550000000,3,3,84,104,2,2200,2,2022,0,0,0,1,0,0,0,0,0,0
730000000,2,1,101,48,1,1300,1,2022,0,0,0,1,0,0,0,0,0,0
590000000,2,1,70,48,1,1300,1,2022,0,0,0,1,0,0,0,0,0,0
595000000,2,1,72,48,1,1300,1,2022,0,0,0,1,0,0,0,0,0,0
592000000,2,1,70,48,1,1300,1,2022,0,0,0,1,0,0,0,0,0,0
550000000,2,1,72,50,1,1300,1,2022,1,0,0,1,0,0,0,0,0,0
680000000,2,1,70,45,1,2200,1,2022,1,0,0,1,0,0,0,0,0,0
965000000,3,2,70,115,1,2200,2,2022,0,0,0,1,0,0,0,0,0,0
870000000,3,1,131,140,0,1300,1,2018,1,0,0,1,0,0,0,0,0,0
1260000000,3,2,164,95,1,2200,1,2018,0,0,0,1,0,0,0,0,0,0
780000000,2,1,72,42,1,1300,1,2018,0,0,0,1,0,0,0,0,0,0
900000000,3,1,81,81,0,1300,1,2018,1,0,0,1,0,0,0,0,0,0
780000000,2,1,72,42,1,1300,1,2018,1,0,0,1,0,0,0,0,0,0
1020000000,2,2,84,40,1,2200,1,2018,1,0,0,1,0,0,0,0,0,0
900000000,3,1,81,81,1,1300,1,2018,1,0,0,1,0,0,0,0,0,0
1260000000,3,2,164,95,1,2200,1,2018,0,0,0,1,0,0,0,0,0,0
780000000,2,1,72,42,1,1300,1,2018,0,0,0,1,0,0,0,0,0,0
1020000000,2,2,84,40,1,2200,1,2018,0,0,0,1,0,0,0,0,0,0
1260000000,3,2,164,95,1,2200,1,2018,0,0,0,1,0,0,0,0,0,0
1150000000,3,2,94,70,1,2200,2,2018,0,0,0,1,0,0,0,0,0,0
500000000,2,1,75,50,1,1300,1,2022,1,0,0,1,0,0,0,0,0,0
870000000,3,1,131,140,0,1300,1,2018,1,0,0,1,0,0,0,0,0,0
870000000,3,1,131,140,0,1300,1,2018,1,0,0,1,0,0,0,0,0,0
960000000,2,1,108,90,1,1300,1,2018,0,0,0,1,0,0,0,0,0,0
870000000,3,1,131,140,1,1300,1,2018,1,0,0,1,0,0,0,0,0,0
960000000,2,1,108,90,1,1300,1,2018,1,0,0,1,0,0,0,0,0,0
870000000,3,1,131,140,0,1300,1,2018,1,0,0,1,0,0,0,0,0,0
960000000,2,1,108,90,1,1300,1,2018,0,0,0,1,0,0,0,0,0,0
1260000000,3,2,164,95,1,2200,1,2018,1,0,0,1,0,0,0,0,0,0
630000000,3,1,72,52,1,2200,2,2022,1,0,0,1,0,0,0,0,0,0
470000000,2,1,70,48,1,1300,1,2019,0,0,0,1,0,0,0,0,0,0
484000000,2,1,72,45,1,1300,1,2022,0,0,0,1,0,0,0,0,0,0
785000000,3,2,84,70,1,2200,2,2021,0,0,0,1,0,0,0,0,0,0
1370000000,3,3,124,75,1,2200,2,2016,1,0,0,1,0,0,0,0,0,0
-2147483648,3,3,234,150,2,3500,1,2018,2,0,0,1,0,0,0,0,0,0
-2147483648,3,3,234,150,2,3500,1,2018,2,0,0,1,0,0,0,0,0,0
1140000000,3,2,84,76,0,1300,2,2018,1,0,0,1,0,0,0,0,0,0
780000000,3,1,98,68,1,1300,1,2018,0,0,0,1,0,0,0,0,0,0
1560000000,3,2,72,90,1,2200,2,2018,0,0,0,1,0,0,0,0,0,0
660000000,2,1,72,72,1,1300,1,2018,0,0,0,1,0,0,0,0,0,0
750000000,3,2,60,60,2,2200,2,2022,2,0,0,1,0,0,0,0,0,0
1560000000,3,2,72,90,1,2200,2,2018,0,0,0,1,0,0,0,0,0,0
780000000,3,1,98,68,1,1300,1,2018,0,0,0,1,0,0,0,0,0,0
660000000,2,1,72,72,1,1300,1,2018,0,0,0,1,0,0,0,0,0,0
660000000,2,1,72,72,1,1300,1,2018,0,0,0,1,0,0,0,0,0,0
660000000,2,1,72,72,1,1300,1,2018,0,0,0,1,0,0,0,0,0,0
1020000000,2,1,86,50,0,1300,1,2018,1,0,0,1,0,0,0,0,0,0
1560000000,3,2,72,90,1,2200,2,2018,0,0,0,1,0,0,0,0,0,0
800000000,2,1,96,71,1,2200,1,2018,0,0,0,1,0,0,0,0,0,0
465000000,2,1,60,38,0,1300,1,2022,0,0,0,1,0,0,0,0,0,0
800000000,2,1,96,71,1,2200,1,2018,0,0,0,1,0,0,0,0,0,0
660000000,2,1,72,72,1,1300,1,2018,0,0,0,1,0,0,0,0,0,0
1560000000,3,2,72,90,1,2200,2,2018,0,0,0,1,0,0,0,0,0,0
780000000,3,1,98,68,1,1300,1,2018,1,0,0,1,0,0,0,0,0,0
800000000,2,1,96,71,1,2200,1,2018,0,0,0,1,0,0,0,0,0,0
464000000,2,1,60,38,1,1300,1,2022,1,0,0,1,0,0,0,0,0,0
800000000,3,2,84,71,2,2200,2,2022,2,0,0,1,0,0,0,0,0,0
999000000,3,2,89,80,2,2200,2,2022,2,0,0,1,0,0,0,0,0,0
970000000,3,2,81,70,2,2200,2,2022,2,0,0,1,0,0,0,0,0,0
580000000,3,2,60,54,2,2200,2,2022,2,0,0,1,0,0,0,0,0,0
775000000,3,2,67,65,2,2200,2,2022,0,0,0,1,0,0,0,0,0,0
70000000,2,2,78,45,1,1300,1,2020,1,0,0,1,0,0,0,0,0,0
660000000,2,1,78,36,0,1300,1,2021,1,0,0,1,0,0,0,0,0,0
725000000,3,2,66,56,2,2200,2,2022,2,0,0,1,0,0,0,0,0,0
559000000,2,1,74,36,0,3160,1,2022,0,0,0,1,0,0,0,0,0,0
995000000,3,3,95,100,2,2200,2,2022,2,0,0,1,0,0,0,0,0,0
725000000,3,2,66,56,2,2200,2,2022,0,0,0,1,0,0,0,0,0,0
699000000,3,2,66,56,2,2200,2,2022,0,0,0,1,0,0,0,0,0,0
1350000000,4,3,120,150,1,2200,2,2018,0,0,0,1,0,0,0,0,0,0
615000000,3,2,60,60,0,3160,2,2022,1,0,0,1,0,0,0,0,0,0
220000000,2,1,60,36,1,1300,1,2022,0,0,0,1,0,0,0,0,0,0
500000000,2,1,60,38,0,1300,1,2022,0,0,0,1,0,0,0,0,0,0
1100000000,3,3,96,75,1,2200,2,2018,0,0,0,1,0,0,0,0,0,0
1920000000,2,3,167,160,1,4400,1,2018,0,0,0,1,0,0,0,0,0,0
2040000000,2,2,113,150,0,1300,2,2018,1,0,0,1,0,0,0,0,0,0
1560000000,3,3,72,140,1,3500,2,2018,0,0,0,1,0,0,0,0,0,0
1920000000,2,3,167,160,1,4400,1,2018,0,0,0,1,0,0,0,0,0,0
1100000000,3,3,96,75,1,2200,2,2018,0,0,0,1,0,0,0,0,0,0
1100000000,3,3,96,75,1,2200,2,2018,0,0,0,1,0,0,0,0,0,0
1560000000,3,3,72,140,1,3500,2,2018,0,0,0,1,0,0,0,0,0,0
1500000000,4,3,151,150,2,7700,2,2018,0,0,0,1,0,0,0,0,0,0
1980000000,3,2,95,105,0,2200,2,2018,1,0,0,1,0,0,0,0,0,0
699000000,3,2,42,66,0,2200,2,2022,1,0,0,1,0,0,0,0,0,0
960000000,2,1,108,90,1,1300,1,2018,0,0,0,1,0,0,0,0,0,0
1100000000,3,3,96,75,1,2200,2,2018,0,0,0,1,0,0,0,0,0,0
1920000000,2,3,167,160,1,4400,1,2018,0,0,0,1,0,0,0,0,0,0
2040000000,2,2,113,150,0,1300,2,2018,1,0,0,1,0,0,0,0,0,0
1560000000,3,3,72,140,1,3500,2,2018,0,0,0,1,0,0,0,0,0,0
1500000000,4,3,151,150,2,7700,2,2018,0,0,0,1,0,0,0,0,0,0
2040000000,2,2,113,150,1,1300,2,2018,1,0,0,1,0,0,0,0,0,0
1650000000,3,3,78,110,1,2200,2,2018,1,0,0,1,0,0,0,0,0,0
1500000000,4,3,151,150,2,7700,2,2018,0,0,0,1,0,0,0,0,0,0
1410000000,3,3,180,112,0,2200,2,2018,1,0,0,1,0,0,0,0,0,0
1500000000,4,3,151,150,2,7700,2,2018,0,0,0,1,0,0,0,0,0,0
1100000000,3,3,96,75,1,2200,2,2018,0,0,0,1,0,0,0,0,0,0
1410000000,3,3,112,180,1,2200,2,2018,1,0,0,1,0,0,0,0,0,0
1410000000,3,3,112,180,0,2200,2,2018,1,0,0,1,0,0,0,0,0,0
1920000000,2,3,167,160,1,4400,1,2018,0,0,0,1,0,0,0,0,0,0
1560000000,3,3,72,140,1,3500,2,2018,0,0,0,1,0,0,0,0,0,0
295000000,2,1,70,45,1,1300,1,2019,0,0,0,1,0,0,0,0,0,0
1720000000,3,3,84,155,0,3160,3,2022,4,0,0,1,0,0,0,0,0,0
1430000000,4,3,67,90,0,3160,2,2021,1,0,0,1,0,0,0,0,0,0
-2147483648,3,3,305,200,0,3160,1,2016,1,0,0,1,0,0,0,0,0,0
1500000000,3,3,164,104,0,1300,2,2018,1,0,0,1,0,0,0,0,0,0
1020000000,2,1,86,50,0,1300,1,2018,1,0,0,1,0,0,0,0,0,0
1500000000,3,3,164,104,0,1300,2,2018,1,0,0,1,0,0,0,0,0,0
900000000,3,2,119,90,0,2200,1,2018,1,0,0,1,0,0,0,0,0,0
840000000,2,1,84,48,1,2200,1,2018,0,0,0,1,0,0,0,0,0,0
840000000,2,1,84,48,1,2200,1,2018,0,0,0,1,0,0,0,0,0,0
800000000,2,1,96,71,1,2200,1,2018,0,0,0,1,0,0,0,0,0,0
1020000000,2,1,86,50,1,1300,1,2018,1,0,0,1,0,0,0,0,0,0
945000000,2,1,105,60,0,2200,1,2018,1,0,0,1,0,0,0,0,0,0
1020000000,3,2,120,140,1,1300,1,2018,1,0,0,1,0,0,0,0,0,0
945000000,2,1,105,60,0,2200,1,2018,1,0,0,1,0,0,0,0,0,0
1500000000,3,3,164,104,0,1300,2,2018,1,0,0,1,0,0,0,0,0,0
897000000,3,2,90,70,1,2200,2,2022,1,0,0,1,0,0,0,0,0,0
900000000,3,2,119,90,1,2200,1,2018,1,0,0,1,0,0,0,0,0,0
1200000000,2,2,90,135,1,4400,2,2018,0,0,0,1,0,0,0,0,0,0
840000000,2,1,84,48,1,2200,1,2018,0,0,0,1,0,0,0,0,0,0
1200000000,2,3,98,78,0,2200,2,2018,1,0,0,1,0,0,0,0,0,0
1020000000,3,2,120,140,1,1300,1,2018,1,0,0,1,0,0,0,0,0,0
1500000000,3,3,164,104,1,1300,2,2018,1,0,0,1,0,0,0,0,0,0
1300000000,3,3,220,180,2,2200,1,2018,0,0,0,1,0,0,0,0,0,0
1000000000,3,2,140,140,0,3160,2,2018,2,0,0,1,0,0,0,0,0,0
1850000000,4,3,160,230,1,3500,2,2018,1,0,0,1,0,0,0,0,0,0
1080000000,2,1,90,70,1,1300,2,2018,0,0,0,1,0,0,0,0,0,0
-2147483648,3,4,180,200,1,2200,2,2018,1,0,0,1,0,0,0,0,0,0
900000000,3,2,119,90,0,2200,1,2018,1,0,0,1,0,0,0,0,0,0
900000000,3,2,119,90,1,2200,1,2018,1,0,0,1,0,0,0,0,0,0
870000000,3,2,71,61,2,2200,2,2022,2,0,0,1,0,0,0,0,0,0
1080000000,2,1,90,70,1,1300,2,2018,1,0,0,1,0,0,0,0,0,0
1080000000,2,1,90,70,1,1300,2,2018,1,0,0,1,0,0,0,0,0,0
-2147483648,3,4,180,200,1,2200,2,2018,1,0,0,1,0,0,0,0,0,0
1560000000,3,3,115,145,1,2200,2,2018,0,0,0,1,0,0,0,0,0,0
900000000,2,2,90,45,1,1300,1,2018,0,0,0,1,0,0,0,0,0,0
1800000000,3,3,106,150,1,3500,2,2018,0,0,0,1,0,0,0,0,0,0
1800000000,3,3,106,150,0,3300,2,2018,1,0,0,1,0,0,0,0,0,0
1800000000,3,3,106,150,1,3500,2,2018,0,0,0,1,0,0,0,0,0,0
1800000000,3,3,106,150,0,3500,2,2018,1,0,0,1,0,0,0,0,0,0
2040000000,3,3,150,115,1,2200,1,2018,0,0,0,1,0,0,0,0,0,0
-2147483648,3,4,194,120,1,2200,2,2018,0,0,0,1,0,0,0,0,0,0
658000000,2,2,55,55,1,2200,2,2022,0,0,0,1,0,0,0,0,0,0
-2147483648,3,4,180,200,1,2200,2,2018,1,0,0,1,0,0,0,0,0,0
780000000,3,1,98,68,1,1300,1,2018,0,0,0,1,0,0,0,0,0,0
1560000000,3,3,115,145,1,2200,2,2018,0,0,0,1,0,0,0,0,0,0
900000000,2,2,90,45,1,1300,1,2018,0,0,0,1,0,0,0,0,0,0
1560000000,3,3,115,145,1,2200,2,2018,0,0,0,1,0,0,0,0,0,0
900000000,2,2,90,45,1,1300,1,2018,0,0,0,1,0,0,0,0,0,0
2040000000,3,3,150,115,1,2200,1,2018,0,0,0,1,0,0,0,0,0,0
900000000,2,2,90,45,1,1300,1,2018,0,0,0,1,0,0,0,0,0,0
-2147483648,3,4,180,200,1,2200,2,2018,1,0,0,1,0,0,0,0,0,0
1560000000,3,3,115,145,1,2200,2,2018,0,0,0,1,0,0,0,0,0,0
-2147483648,3,4,194,120,1,2200,2,2018,1,0,0,1,0,0,0,0,0,0
800000000,3,2,70,68,2,2200,2,2022,2,0,0,1,0,0,0,0,0,0
556000000,2,2,55,55,0,1300,1,2022,0,0,0,1,0,0,0,0,0,0
651000000,2,2,54,55,2,2200,2,2022,0,0,0,1,0,0,0,0,0,0
995000000,3,2,72,70,1,2200,2,2022,1,0,0,1,0,0,0,0,0,0
1200000000,3,3,120,100,0,2200,2,2018,1,0,0,1,0,0,0,0,0,0
1200000000,3,3,120,100,0,2200,2,2018,1,0,0,1,0,0,0,0,0,0
1100000000,3,4,72,105,1,2200,2,2021,1,0,0,1,0,0,0,0,0,0
485000000,2,1,84,55,1,1300,1,2022,0,0,0,1,0,0,0,0,0,0
1400000000,3,2,78,120,0,2200,2,2018,1,0,0,1,0,0,0,0,0,0
1980000000,3,2,95,105,0,2200,2,2018,1,0,0,1,0,0,0,0,0,0
1650000000,3,3,78,110,1,2200,2,2018,0,0,0,1,0,0,0,0,0,0
1680000000,3,2,152,88,1,2200,1,2018,0,0,0,1,0,0,0,0,0,0
750000000,1,1,72,43,1,1300,1,2018,0,0,0,1,0,0,0,0,0,0
950000000,2,2,85,100,1,2200,2,2018,0,0,0,1,0,0,0,0,0,0
-2147483648,5,5,468,400,2,3500,2,2018,2,0,0,1,0,0,0,0,0,0
1400000000,3,2,78,120,0,2200,2,2018,1,0,0,1,0,0,0,0,0,0
1150000000,3,3,72,110,1,2200,1,2022,1,0,0,1,0,0,0,0,0,0
960000000,2,1,90,60,1,1300,1,2018,0,0,0,1,0,0,0,0,0,0
1400000000,3,2,78,120,0,2200,2,2018,1,0,0,1,0,0,0,0,0,0
1980000000,3,2,95,105,0,2200,2,2018,1,0,0,1,0,0,0,0,0,0
-2147483648,4,3,150,200,0,2200,2,2018,1,0,0,1,0,0,0,0,0,0
1560000000,3,2,109,90,0,2200,2,2018,2,0,0,1,0,0,0,0,0,0
1500000000,4,3,151,150,2,7700,2,2018,0,0,0,1,0,0,0,0,0,0
1920000000,2,3,167,160,1,4400,1,2018,0,0,0,1,0,0,0,0,0,0
1560000000,3,3,72,140,1,3500,2,2018,0,0,0,1,0,0,0,0,0,0
1400000000,3,2,78,120,1,2200,2,2018,1,0,0,1,0,0,0,0,0,0
-2147483648,4,3,150,200,1,2200,2,2018,1,0,0,1,0,0,0,0,0,0
-2147483648,4,3,132,125,1,5500,2,2018,1,0,0,1,0,0,0,0,0,0
1980000000,3,2,95,105,1,2200,2,2018,1,0,0,1,0,0,0,0,0,0
-2147483648,4,4,110,140,1,2200,2,2018,1,0,0,1,0,0,0,0,0,0
2040000000,2,2,113,150,1,1300,2,2018,1,0,0,1,0,0,0,0,0,0
1650000000,3,3,78,110,1,2200,2,2018,1,0,0,1,0,0,0,0,0,0
1410000000,3,3,180,112,1,2200,2,2018,1,0,0,1,0,0,0,0,0,0
1200000000,2,2,120,77,1,2200,2,2018,0,0,0,1,0,0,0,0,0,0
1650000000,4,3,140,200,0,2200,2,2015,2,0,0,1,0,0,0,0,0,0
1900000000,3,3,120,180,1,4400,2,2016,0,0,0,1,0,0,0,0,0,0
-2147483648,3,3,118,160,2,3160,2,2018,0,0,0,1,0,0,0,0,0,0
-2147483648,3,2,204,186,0,3160,1,2013,0,0,0,1,0,0,0,0,0,0
-2147483648,3,3,120,158,1,4400,2,2017,0,0,0,1,0,0,0,0,0,0
1480000000,3,2,60,73,2,2200,2,2022,2,0,0,1,0,0,0,0,0,0
-2147483648,4,4,246,320,2,5500,2,2017,1,0,0,1,0,0,0,0,0,0
-2147483648,4,4,200,365,1,2200,2,2022,1,0,0,1,0,0,0,0,0,0
1570000000,3,1,112,56,1,2200,1,2018,0,0,0,1,0,0,0,0,0,0
970000000,3,2,70,115,1,2200,2,2022,0,0,0,1,0,0,0,0,0,0
1950000000,4,2,120,180,1,3500,2,2012,0,0,0,1,0,0,0,0,0,0
-2147483648,3,3,250,225,1,3500,2,2015,1,0,0,1,0,0,0,0,0,0
-2147483648,5,4,425,237,3,2200,2,2018,1,0,0,1,0,0,0,0,0,0
750000000,4,2,170,200,1,900,2,2010,2,0,0,1,0,0,0,0,0,0
800000000,3,3,65,78,1,3500,2,2022,0,0,0,1,0,0,0,0,0,0
-2147483648,3,3,120,178,2,3500,2,2022,0,0,0,1,0,0,0,0,0,0
890000000,3,3,101,78,1,3500,2,2022,1,0,0,1,0,0,0,0,0,0
-2147483648,4,3,118,160,2,3500,2,2018,0,0,0,1,0,0,0,0,0,0
-2147483648,3,3,234,400,1,3300,2,2018,1,0,0,1,0,0,0,0,0,0
-2147483648,2,2,158,145,2,3300,2,2015,0,0,0,1,0,0,0,0,0,0
-2147483648,3,3,500,460,4,7700,2,2018,0,0,0,1,0,0,0,0,0,0
-2147483648,3,3,300,250,1,4400,2,2018,0,0,0,1,0,0,0,0,0,0
1900000000,3,3,150,220,2,2200,2,2021,0,0,0,1,0,0,0,0,0,0
-2147483648,4,3,540,350,2,3160,1,2005,2,0,0,1,0,0,0,0,0,0
-2147483648,4,3,387,175,0,3500,1,2018,2,0,0,1,0,0,0,0,0,0
1090000000,3,4,72,110,1,2200,2,2022,1,0,0,1,0,0,0,0,0,0
680000000,2,2,60,70,1,2200,2,2022,1,0,0,1,0,0,0,0,0,0
-2147483648,3,3,187,200,2,3160,1,2018,0,0,0,1,0,0,0,0,0,0
1650000000,3,3,78,110,0,3500,2,2018,0,0,0,1,0,0,0,0,0,0
-2147483648,2,2,120,83,0,2200,2,2018,1,0,0,1,0,0,0,0,0,0
1500000000,3,3,120,140,1,2200,2,2017,1,0,0,1,0,0,0,0,0,0
1650000000,2,2,108,150,2,3160,2,2016,0,0,0,1,0,0,0,0,0,0
1200000000,2,2,132,90,1,2200,1,2005,1,0,0,1,0,0,0,0,0,0
1350000000,3,3,80,138,2,2200,2,2022,0,0,0,1,0,0,0,0,0,0
525000000,2,1,75,36,1,1300,1,2022,1,0,0,1,0,0,0,0,0,0
2130000000,3,2,120,91,0,3160,2,2022,2,0,0,1,0,0,0,0,0,0
1450000000,2,2,56,93,0,3160,2,2021,1,0,0,1,0,0,0,0,0,0
1480000000,3,2,62,73,0,3160,2,2022,1,0,0,1,0,0,0,0,0,0
1590000000,3,3,71,84,0,3160,2,2022,1,0,0,1,0,0,0,0,0,0
1170000000,3,2,93,88,2,2200,2,2022,0,0,0,1,0,0,0,0,0,0
-2147483648,4,3,150,200,0,2200,2,2018,1,0,0,1,0,0,0,0,0,0
-2147483648,4,4,390,300,2,3160,2,2018,2,0,0,1,0,0,0,0,0,0
1170000000,3,2,93,88,2,2200,2,2022,0,0,0,1,0,0,0,0,0,0
400000000,2,1,68,40,1,1300,1,2022,0,0,0,1,0,0,0,0,0,0
1560000000,3,2,109,90,0,2200,2,2018,2,0,0,1,0,0,0,0,0,0
750000000,1,1,72,43,1,1300,1,2018,0,0,0,1,0,0,0,0,0,0
660000000,2,1,82,50,1,1300,1,2018,0,0,0,1,0,0,0,0,0,0
960000000,2,1,108,90,1,1300,1,2018,1,0,0,1,0,0,0,0,0,0
660000000,2,1,82,50,1,1300,1,2018,0,0,0,1,0,0,0,0,0,0
1200000000,2,1,120,45,1,2200,1,2021,0,0,0,1,0,0,0,0,0,0
1560000000,3,2,109,90,0,2200,2,2018,2,0,0,1,0,0,0,0,0,0
793000000,3,2,72,90,1,2200,2,2022,1,0,0,1,0,0,0,0,0,0
1560000000,3,2,109,90,2,4400,2,2018,0,0,0,1,0,0,0,0,0,0
484000000,2,1,66,42,1,2200,1,2018,1,0,0,1,0,0,0,0,0,0
300000000,2,1,60,40,1,1300,1,2022,1,0,0,1,0,0,0,0,0,0
750000000,1,1,72,43,1,1300,1,2018,0,0,0,1,0,0,0,0,0,0
235000000,2,1,50,36,0,1300,1,2022,1,0,0,1,0,0,0,0,0,0
1320000000,3,2,90,160,1,2200,2,2018,0,0,0,1,0,0,0,0,0,0
660000000,2,1,82,50,1,1300,1,2018,0,0,0,1,0,0,0,0,0,0
900000000,3,1,81,81,0,1300,1,2018,1,0,0,1,0,0,0,0,0,0
1260000000,3,2,164,95,1,2200,1,2018,1,0,0,1,0,0,0,0,0,0
1320000000,3,2,90,160,1,2200,2,2018,0,0,0,1,0,0,0,0,0,0
750000000,1,1,72,43,1,1300,1,2018,0,0,0,1,0,0,0,0,0,0
780000000,2,1,72,42,1,1300,1,2018,1,0,0,1,0,0,0,0,0,0
1200000000,3,3,120,100,1,3300,2,2018,1,0,0,1,0,0,0,0,0,0
750000000,1,1,72,43,1,1300,1,2018,0,0,0,1,0,0,0,0,0,0
660000000,2,1,82,50,1,1300,1,2018,0,0,0,1,0,0,0,0,0,0
1200000000,3,3,120,100,1,3300,2,2018,1,0,0,1,0,0,0,0,0,0
1020000000,2,2,84,40,1,2200,1,2018,1,0,0,1,0,0,0,0,0,0
1560000000,3,2,109,90,2,2200,2,2018,2,0,0,1,0,0,0,0,0,0
901000000,3,3,101,78,1,3500,2,2022,1,0,0,1,0,0,0,0,0,0
901000000,3,3,101,91,1,3500,2,2022,1,0,0,1,0,0,0,0,0,0
1110000000,4,3,91,101,2,3500,2,2022,2,0,0,1,0,0,0,0,0,0
485000000,2,1,60,45,1,1300,1,2022,0,0,0,1,0,0,0,0,0,0
-2147483648,4,3,600,300,2,2200,2,2010,2,0,0,1,0,0,0,0,0,0
1200000000,2,2,84,75,0,2200,2,2021,2,0,0,1,0,0,0,0,0,0
800000000,3,2,68,56,2,2200,2,2022,2,0,0,1,0,0,0,0,0,0
750000000,3,2,70,69,2,2200,2,2022,2,0,0,1,0,0,0,0,0,0
600000000,2,1,68,38,1,1300,1,2022,1,0,0,1,0,0,0,0,0,0
650000000,3,1,72,52,1,2200,2,2022,1,0,0,1,0,0,0,0,0,0
917000000,2,1,84,45,1,2200,1,2021,0,0,0,1,0,0,0,0,0,0
950000000,4,2,70,118,1,2200,2,2022,0,0,0,1,0,0,0,0,0,0
955000000,3,2,70,115,1,2200,2,2022,0,0,0,1,0,0,0,0,0,0
1870000000,4,4,124,135,2,2200,2,2022,0,0,0,1,0,0,0,0,0,0
285000000,2,1,63,40,1,1300,1,2022,1,0,0,1,0,0,0,0,0,0
1330000000,3,2,84,75,0,2200,1,2022,0,0,0,1,0,0,0,0,0,0
-2147483648,4,4,158,133,2,2200,2,2022,2,0,0,1,0,0,0,0,0,0
-2147483648,3,3,142,126,2,2200,2,2022,2,0,0,1,0,0,0,0,0,0
230000000,2,1,50,36,1,1300,1,2022,1,0,0,1,0,0,0,0,0,0
-2147483648,3,4,200,120,2,3160,2,2018,0,0,0,1,0,0,0,0,0,0
800000000,3,3,101,78,1,3500,2,2022,1,0,0,1,0,0,0,0,0,0
387000000,2,1,55,42,1,1300,1,2022,1,0,0,1,0,0,0,0,0,0
485000000,2,1,72,42,1,1300,1,2022,0,0,0,1,0,0,0,0,0,0
525000000,2,1,73,45,1,2200,1,2018,0,0,0,1,0,0,0,0,0,0
1600000000,3,2,120,79,2,4400,2,2022,3,0,0,1,0,0,0,0,0,0
445000000,4,2,60,80,1,2200,1,2021,1,0,0,1,0,0,0,0,0,0
1450000000,2,2,144,68,2,2200,1,2016,0,0,0,1,0,0,0,0,0,0
200000000,2,1,50,36,1,1300,1,2022,1,0,0,1,0,0,0,0,0,0
1800000000,5,4,112,120,0,2200,2,2021,4,0,0,1,0,0,0,0,0,0
750000000,2,1,66,50,1,1300,1,2021,0,0,0,1,0,0,0,0,0,0
650000000,3,1,119,80,1,2200,1,2010,1,0,0,1,0,0,0,0,0,0
-2147483648,3,3,110,103,2,5500,2,2021,0,0,0,1,0,0,0,0,0,0
1670000000,3,2,96,103,2,2200,2,2021,0,0,0,1,0,0,0,0,0,0
1410000000,3,2,84,85,2,2200,2,2021,0,0,0,1,0,0,0,0,0,0
1330000000,2,2,84,75,2,2200,2,2021,0,0,0,1,0,0,0,0,0,0
1940000000,2,2,106,75,1,5500,2,2021,0,0,0,1,0,0,0,0,0,0
-2147483648,4,4,129,120,2,5500,2,2021,0,0,0,1,0,0,0,0,0,0
1330000000,3,3,84,75,2,2200,2,2022,0,0,0,1,0,0,0,0,0,0
508000000,2,1,72,45,1,2200,1,2018,1,0,0,1,0,0,0,0,0,0
1500000000,4,4,96,103,2,2200,2,2021,2,0,0,1,0,0,0,0,0,0
583000000,2,1,70,34,1,3160,1,2018,1,0,0,1,0,0,0,0,0,0
622000000,2,2,52,63,1,2200,2,2022,1,0,0,1,0,0,0,0,0,0
1600000000,3,3,230,150,2,2200,2,2018,0,0,0,1,0,0,0,0,0,0
1100000000,3,2,92,74,2,2200,2,2022,2,0,0,1,0,0,0,0,0,0
799000000,3,2,76,66,2,2200,2,2022,2,0,0,1,0,0,0,0,0,0
590000000,3,2,72,72,1,1300,2,2018,0,0,0,1,0,0,0,0,0,0
755000000,3,2,75,60,2,2200,2,2022,2,0,0,1,0,0,0,0,0,0
1230000000,2,2,121,71,2,2200,2,2022,2,0,0,1,0,0,0,0,0,0
1200000000,2,3,98,78,1,2200,2,2018,1,0,0,1,0,0,0,0,0,0
1200000000,2,3,98,78,0,2200,2,2018,1,0,0,1,0,0,0,0,0,0
500000000,2,1,50,30,1,1300,1,2021,1,0,0,1,0,0,0,0,0,0
699000000,3,2,62,70,1,2200,2,2018,0,0,0,1,0,0,0,0,0,0
1800000000,3,3,120,158,1,3160,2,2018,0,0,0,1,0,0,0,0,0,0
-2147483648,3,2,235,225,0,2200,1,2018,1,0,0,1,0,0,0,0,0,0
1200000000,2,2,98,78,2,2200,2,2018,0,0,0,1,0,0,0,0,0,0
875000000,3,2,70,69,2,2200,2,2022,0,0,0,1,0,0,0,0,0,0
945000000,2,1,105,60,1,2200,1,2018,1,0,0,1,0,0,0,0,0,0
660000000,2,1,80,45,0,2200,1,2018,1,0,0,1,0,0,0,0,0,0
660000000,2,1,80,45,1,2200,1,2018,1,0,0,1,0,0,0,0,0,0
690000000,2,1,87,45,1,1300,1,2018,1,0,0,1,0,0,0,0,0,0
350000000,3,1,60,36,0,3160,2,2018,0,0,0,1,0,0,0,0,0,0
800000000,3,3,109,144,2,1300,2,2018,2,0,0,1,0,0,0,0,0,0
1250000000,3,1,128,110,1,2200,1,2006,0,0,0,1,0,0,0,0,0,0
690000000,2,1,87,45,0,1300,1,2018,0,0,0,1,0,0,0,0,0,0
950000000,2,1,120,57,1,2200,1,2013,0,0,0,1,0,0,0,0,0,0
1800000000,3,3,106,150,0,3300,2,2018,1,0,0,1,0,0,0,0,0,0
-2147483648,4,3,150,200,1,2200,2,2018,1,0,0,1,0,0,0,0,0,0
1100000000,3,3,96,75,1,2200,2,2018,0,0,0,1,0,0,0,0,0,0
1150000000,3,3,72,80,2,2200,2,2022,2,0,0,1,0,0,0,0,0,0
1150000000,3,3,72,80,2,2200,2,2022,2,0,0,1,0,0,0,0,0,0
995000000,3,2,72,75,2,2200,2,2022,2,0,0,1,0,0,0,0,0,0
756000000,2,2,60,51,2,2200,2,2022,0,0,0,1,0,0,0,0,0,0
1440000000,3,3,97,130,2,2200,2,2022,2,0,0,1,0,0,0,0,0,0
725000000,2,2,50,50,1,2200,2,2022,1,0,0,1,0,0,0,0,0,0
1350000000,3,3,102,120,2,2200,2,2022,2,0,0,1,0,0,0,0,0,0
950000000,3,2,57,72,1,1300,2,2022,0,0,0,1,0,0,0,0,0,0
1600000000,4,3,100,120,1,2200,2,2022,0,0,0,1,0,0,0,0,0,0
995000000,3,2,72,75,2,2200,2,2022,0,0,0,1,0,0,0,0,0,0
-2147483648,5,5,127,168,2,3500,2,2022,0,0,0,1,0,0,0,0,0,0
1400000000,3,3,72,120,0,3160,2,2022,2,0,0,1,0,0,0,0,0,0
1700000000,3,3,100,120,0,3160,2,2022,1,0,0,1,0,0,0,0,0,0
1400000000,3,3,100,130,0,3160,2,2022,1,0,0,1,0,0,0,0,0,0
1700000000,3,3,77,140,0,3160,2,2022,2,0,0,1,0,0,0,0,0,0
995000000,3,2,72,75,0,3160,2,2022,1,0,0,1,0,0,0,0,0,0
1420000000,3,3,86,110,0,3160,2,2022,1,0,0,1,0,0,0,0,0,0
-2147483648,4,3,127,170,0,3160,2,2022,2,0,0,1,0,0,0,0,0,0
1950000000,3,3,125,136,2,2200,2,2022,0,0,0,1,0,0,0,0,0,0
770000000,2,1,72,42,2,1300,1,2022,0,0,0,1,0,0,0,0,0,0
1350000000,4,4,300,317,2,2200,2,2018,0,0,0,1,0,0,0,0,0,0
900000000,2,2,90,45,1,1300,1,2018,0,0,0,1,0,0,0,0,0,0
-2147483648,3,4,194,120,1,2200,2,2018,1,0,0,1,0,0,0,0,0,0
1560000000,3,2,72,90,1,2200,2,2018,0,0,0,1,0,0,0,0,0,0
1050000000,5,2,83,154,1,2200,2,2018,0,0,0,1,0,0,0,0,0,0
1560000000,3,3,115,145,1,2200,2,2018,0,0,0,1,0,0,0,0,0,0
1730000000,3,3,80,100,2,2200,2,2022,0,0,0,1,0,0,0,0,0,0
1200000000,4,3,80,60,2,3300,2,2022,2,0,0,1,0,0,0,0,0,0
1220000000,3,3,81,80,1,2200,2,2022,0,0,0,1,0,0,0,0,0,0
1000000000,4,4,100,66,1,2200,2,2022,1,0,0,1,0,0,0,0,0,0
350000000,2,1,50,36,1,1300,1,2022,0,0,0,1,0,0,0,0,0,0
660000000,2,1,72,72,1,1300,1,2018,0,0,0,1,0,0,0,0,0,0
1300000000,3,3,98,100,0,3300,1,2018,1,0,0,1,0,0,0,0,0,0
870000000,3,3,60,85,1,2200,2,2022,1,0,0,1,0,0,0,0,0,0
890000000,3,3,68,90,1,2200,2,2022,1,0,0,1,0,0,0,0,0,0
800000000,3,2,80,70,1,1300,2,2022,0,0,0,1,0,0,0,0,0,0
1170000000,3,2,93,88,2,2200,2,2022,0,0,0,1,0,0,0,0,0,0
1250000000,3,3,72,110,2,2200,2,2022,2,0,0,1,0,0,0,0,0,0
1100000000,3,2,92,100,1,2200,2,2022,0,0,0,1,0,0,0,0,0,0
1450000000,3,3,98,130,2,2200,2,2022,2,0,0,1,0,0,0,0,0,0
900000000,3,2,60,75,1,2200,1,2022,1,0,0,1,0,0,0,0,0,0
1300000000,3,3,98,130,2,2200,2,2021,0,0,0,1,0,0,0,0,0,0
-2147483648,5,5,127,180,2,2200,2,2022,0,0,0,1,0,0,0,0,0,0
1430000000,4,2,100,90,1,2200,2,2007,0,0,0,1,0,0,0,0,0,0
575000000,2,1,46,36,1,1300,1,2018,0,0,0,1,0,0,0,0,0,0
-2147483648,4,3,268,140,1,2200,2,2020,2,0,0,1,0,0,0,0,0,0
485000000,2,1,72,50,0,1300,1,2019,1,0,0,1,0,0,0,0,0,0
506000000,2,2,40,46,1,2200,2,2022,1,0,0,1,0,0,0,0,0,0
980000000,3,2,80,70,1,2200,2,2022,0,0,0,1,0,0,0,0,0,0
980000000,3,2,80,70,1,2200,2,2022,0,0,0,1,0,0,0,0,0,0
980000000,3,2,80,70,1,2200,2,2022,0,0,0,1,0,0,0,0,0,0
846000000,3,2,63,70,1,2200,2,2022,0,0,0,1,0,0,0,0,0,0
1170000000,2,1,93,88,2,1300,1,2022,0,0,0,1,0,0,0,0,0,0
1170000000,2,1,93,88,2,1300,1,2022,0,0,0,1,0,0,0,0,0,0
2100000000,3,2,132,88,2,2200,2,2022,0,0,0,0,0,0,0,1,0,0
-2147483648,3,3,100,130,2,3500,2,2022,0,0,0,0,0,0,0,1,0,0
2000000000,3,3,56,87,1,2200,2,2022,0,0,0,0,0,0,0,1,0,0
1080000000,2,2,35,69,1,2200,2,2022,0,0,0,0,0,0,0,1,0,0
-2147483648,4,3,179,230,2,2200,2,1993,0,0,0,0,0,0,0,1,0,0
1270000000,3,3,36,66,0,2200,3,2022,1,0,0,0,0,0,0,1,0,0
-2147483648,3,3,210,180,2,3500,1,2000,0,0,0,0,0,0,0,1,0,0
-2147483648,4,3,386,1000,4,5500,3,2018,4,0,0,0,0,0,0,0,1,0
-2147483648,4,3,386,1000,4,5500,3,2018,4,0,0,0,0,0,0,0,1,0
-2147483648,4,3,180,240,1,7700,2,2019,0,0,0,0,0,0,0,0,1,0
-2147483648,3,2,405,717,0,3160,4,2015,0,0,0,0,0,0,0,0,1,0
-2147483648,4,4,507,804,4,10600,2,2018,0,0,0,0,0,0,0,0,1,0
-2147483648,3,3,120,168,0,2200,2,2018,0,0,0,0,0,0,0,0,1,0
440000000,2,2,21,42,0,1300,2,2022,0,0,0,0,0,0,0,0,1,0
-2147483648,5,4,513,625,2,6600,3,2012,2,0,0,0,0,0,0,0,1,0
-2147483648,4,4,513,800,2,3160,3,2018,0,0,0,0,0,0,0,0,1,0
-2147483648,6,5,450,1000,3,16500,3,2004,3,0,0,0,0,0,0,0,1,0
-2147483648,4,3,400,1000,6,13200,3,2015,4,0,0,0,0,0,0,0,1,0
-2147483648,4,3,390,750,1,7600,2,2012,1,0,0,0,0,0,0,0,1,0
-2147483648,3,2,220,225,1,7700,2,2000,0,0,0,0,0,0,0,0,1,0
640000000,2,2,36,60,1,2200,2,2022,0,0,0,0,0,0,0,1,0,0
2090000000,2,3,58,90,1,2200,2,2022,2,0,0,0,0,0,0,1,0,0
1140000000,3,3,36,71,1,2200,2,2022,0,0,0,0,0,0,0,1,0,0
2090000000,3,3,76,90,1,2200,2,2022,0,0,0,0,0,0,0,1,0,0
935000000,2,2,44,90,0,2200,2,2022,1,0,0,0,0,0,0,1,0,0
-2147483648,4,4,300,175,2,7700,2,2018,1,0,0,0,0,0,0,1,0,0
1140000000,2,2,36,71,1,2200,2,2022,1,0,0,0,0,0,0,1,0,0
-2147483648,5,4,153,180,2,3300,2,2021,2,0,0,0,0,0,0,1,0,0
1880000000,5,3,160,300,1,6600,2,1976,1,0,0,0,1,0,0,0,0,0
-2147483648,4,3,140,355,2,2200,3,2022,0,0,0,0,0,0,1,0,0,0
-2147483648,4,3,173,337,1,4400,1,2020,1,0,0,0,0,0,1,0,0,0
-2147483648,4,3,173,337,1,4400,1,2020,1,0,0,0,0,0,1,0,0,0
-2147483648,4,3,171,337,0,3500,3,2021,2,0,0,0,0,0,1,0,0,0
-2147483648,4,3,504,264,0,7700,2,2018,0,0,0,0,0,0,1,0,0,0
780000000,3,3,37,68,1,2200,2,2022,0,0,0,0,0,0,0,1,0,0
780000000,3,3,37,68,1,2200,2,2022,0,0,0,0,0,0,0,1,0,0
858000000,3,3,39,63,1,2200,2,2022,0,0,0,0,0,0,0,1,0,0
780000000,3,3,37,68,1,2200,2,2022,0,0,0,0,0,0,0,1,0,0
1900000000,3,3,56,87,1,2200,2,2018,1,0,0,0,0,0,0,1,0,0
1100000000,2,2,39,56,0,2200,1,2018,0,0,0,0,0,0,0,1,0,0
858000000,3,3,39,63,1,2200,2,2022,0,0,0,0,0,0,0,1,0,0
783000000,2,2,32,63,1,2200,2,2022,0,0,0,0,0,0,0,1,0,0
859000000,2,2,39,63,1,2200,2,2022,0,0,0,0,0,0,0,1,0,0
-2147483648,4,4,400,625,3,5500,2,2018,2,0,0,0,0,0,0,1,0,0
443000000,2,2,19,37,0,2200,2,2022,0,0,0,0,0,0,0,1,0,0
780000000,2,2,33,60,1,2200,2,2022,1,0,0,0,0,0,0,1,0,0
-2147483648,6,5,850,854,0,7700,2,2007,0,0,0,0,0,0,1,0,0,0
-2147483648,6,7,4260,2191,0,3160,2,2018,0,0,0,0,0,0,1,0,0,0
-2147483648,4,3,247,330,2,6600,3,2018,2,0,0,0,0,0,1,0,0,0
-2147483648,5,3,250,300,1,4400,2,1995,1,0,0,0,0,0,1,0,0,0
-2147483648,3,2,120,288,2,5500,3,2000,0,0,0,0,0,0,1,0,0,0
-2147483648,50,50,517,2417,0,10000,5,2018,10,0,0,0,0,0,1,0,0,0
-2147483648,5,4,425,550,4,10000,2,2000,2,0,0,0,0,0,1,0,0,0
-2147483648,4,3,480,480,2,4400,2,2010,1,0,0,0,0,0,1,0,0,0
-2147483648,4,4,307,400,1,3160,2,2018,2,0,0,0,0,0,1,0,0,0
-2147483648,4,4,200,400,2,6600,3,2020,1,0,0,0,0,0,1,0,0,0
-2147483648,5,6,1900,850,2,3160,1,2018,4,0,0,0,0,0,1,0,0,0
-2147483648,4,3,199,400,2,13300,3,2018,2,0,0,0,0,0,1,0,0,0
562000000,2,2,22,42,0,2200,2,2022,0,0,0,0,1,0,0,0,0,0
528000000,2,2,22,42,0,2200,2,2022,0,0,0,0,1,0,0,0,0,0
562000000,2,2,22,42,0,2200,2,2022,0,0,0,0,1,0,0,0,0,0
528000000,2,2,22,42,0,2200,2,2022,0,0,0,0,1,0,0,0,0,0
562000000,2,2,22,42,0,2200,2,2022,0,0,0,0,1,0,0,0,0,0
921000000,3,3,34,67,1,2200,2,2022,1,0,0,0,1,0,0,0,0,0
869000000,2,2,32,62,0,2200,2,2018,0,0,0,0,1,0,0,0,0,0
998000000,3,2,34,67,1,2200,2,2022,0,0,0,0,1,0,0,0,0,0
920000000,2,2,34,67,1,2200,2,2022,0,0,0,0,1,0,0,0,0,0
-2147483648,3,2,97,120,1,2200,2,2018,1,0,0,0,1,0,0,0,0,0
895000000,2,2,34,66,1,2200,2,2022,1,0,0,0,1,0,0,0,0,0
-2147483648,4,3,300,450,1,7700,2,2018,1,0,0,0,0,0,0,0,1,0
-2147483648,4,4,300,346,2,4400,2,1998,1,0,0,0,0,0,0,0,1,0
-2147483648,3,3,190,225,3,4400,3,2015,0,0,0,0,0,0,0,0,1,0
782000000,2,2,33,68,1,2200,2,2022,0,0,0,0,0,0,0,1,0,0
782000000,2,2,33,68,1,2200,2,2022,0,0,0,0,0,0,0,1,0,0
1000000000,2,2,44,90,1,2200,2,2022,0,0,0,0,0,0,0,1,0,0
-2147483648,4,2,108,160,1,3300,2,2018,0,0,0,0,0,0,0,1,0,0
-2147483648,3,3,180,115,0,5500,1,2018,2,0,0,0,0,0,0,1,0,0
-2147483648,8,6,457,800,4,7700,2,2005,0,0,0,0,0,0,0,1,0,0
2000000000,3,3,98,92,1,2200,2,2020,0,0,0,0,0,0,0,1,0,0
2000000000,3,3,98,92,1,2200,2,2020,0,0,0,0,0,0,0,1,0,0
-2147483648,4,4,200,500,2,3160,3,2022,2,0,0,0,0,0,1,0,0,0
-2147483648,4,4,200,500,2,16500,3,2022,2,0,0,0,0,0,1,0,0,0
-2147483648,4,4,200,500,2,3160,3,2022,2,0,0,0,0,0,1,0,0,0
-2147483648,5,5,1305,1500,4,33000,2,2012,4,0,0,0,0,0,1,0,0,0
-2147483648,4,3,552,900,2,23000,2,2015,4,0,0,0,0,0,1,0,0,0
764000000,2,1,32,56,1,2200,2,2022,0,0,0,0,0,0,0,1,0,0
485000000,2,2,25,37,0,2200,2,2021,0,0,0,0,0,0,0,1,0,0
764000000,2,1,32,56,1,2200,2,2022,0,0,0,0,0,0,0,1,0,0
485000000,2,2,25,37,0,2200,2,2021,0,0,0,0,0,0,0,1,0,0
762000000,2,2,30,56,0,2200,2,2022,1,0,0,0,0,0,0,1,0,0
762000000,2,2,30,56,1,2200,2,2022,1,0,0,0,0,0,0,1,0,0
389000000,2,1,16,38,0,2200,2,2022,0,0,0,0,0,0,0,1,0,0
625000000,2,2,30,60,1,2200,2,2021,1,0,0,0,0,0,0,1,0,0
477000000,2,2,22,40,0,2200,2,2022,0,0,0,0,0,1,0,0,0,0
477000000,2,2,22,40,0,2200,2,2018,0,0,0,0,0,1,0,0,0,0
477000000,2,2,22,40,0,2200,2,2022,0,0,0,0,0,1,0,0,0,0
477000000,2,2,22,40,0,2200,2,2022,0,0,0,0,0,1,0,0,0,0
599000000,2,2,31,44,0,2200,2,2022,0,0,0,0,0,1,0,0,0,0
534000000,2,2,27,42,0,2200,2,2022,0,0,0,0,0,1,0,0,0,0
500000000,2,2,23,43,0,2200,2,2022,0,0,0,0,0,1,0,0,0,0
444000000,2,2,27,42,0,2200,2,2022,0,0,0,0,0,1,0,0,0,0
-2147483648,4,2,517,353,2,2200,1,2018,2,0,0,0,0,1,0,0,0,0
-2147483648,4,4,247,606,2,3500,3,2022,5,0,0,0,0,0,1,0,0,0
-2147483648,4,4,122,172,0,2200,2,2018,2,0,0,0,0,0,1,0,0,0
-2147483648,4,2,300,325,2,3500,2,2013,0,0,0,0,0,0,1,0,0,0
1900000000,3,3,67,150,0,2200,3,2022,2,0,0,0,0,0,1,0,0,0
-2147483648,6,6,477,550,2,3160,2,2018,2,0,0,0,0,0,1,0,0,0
-2147483648,4,3,152,186,2,2200,2,2021,0,0,0,0,0,0,1,0,0,0
-2147483648,4,3,152,186,2,3300,2,2022,0,0,0,0,0,0,1,0,0,0
-2147483648,4,3,162,186,2,2200,2,2018,1,0,0,0,0,0,1,0,0,0
-2147483648,4,2,169,220,0,4400,2,2002,2,0,0,0,0,0,1,0,0,0
-2147483648,4,4,203,203,0,3160,3,2016,0,0,0,0,0,0,1,0,0,0
-2147483648,4,4,1592,938,5,33000,1,2018,0,0,0,0,0,0,1,0,0,0
-2147483648,20,20,1195,950,14,6600,2,2009,0,0,0,0,0,0,1,0,0,0
1900000000,3,3,90,150,2,2200,2,2022,0,0,0,0,0,0,1,0,0,0
-2147483648,4,4,110,140,0,2200,2,2018,1,0,0,0,0,0,1,0,0,0
1950000000,3,3,92,150,2,2200,2,2022,0,0,0,0,0,0,1,0,0,0
1050000000,3,3,53,100,1,2200,2,2022,0,0,0,0,0,0,1,0,0,0
-2147483648,4,3,180,300,2,3500,3,2018,0,0,0,0,0,0,1,0,0,0
-2147483648,4,4,126,150,2,2200,2,2022,0,0,0,0,0,0,1,0,0,0
-2147483648,5,4,167,404,2,3160,3,2018,2,0,0,0,0,0,1,0,0,0
-2147483648,4,4,116,170,2,3500,2,2022,0,0,0,0,0,0,1,0,0,0
-2147483648,3,3,114,150,2,4400,1,2021,0,0,0,0,0,0,1,0,0,0
-2147483648,4,4,101,150,2,3300,2,2022,2,0,0,0,0,0,1,0,0,0
-2147483648,6,4,286,400,1,3500,2,2018,2,0,0,0,0,0,1,0,0,0
-2147483648,5,4,624,450,2,5500,2,1990,2,0,0,0,0,0,1,0,0,0
-2147483648,4,4,329,560,2,7700,2,2022,2,0,0,0,0,0,1,0,0,0
595000000,3,1,72,52,1,1300,2,2022,1,0,0,0,0,0,1,0,0,0
1400000000,3,3,80,84,2,2200,2,2022,2,0,0,0,0,0,1,0,0,0
-2147483648,5,5,300,700,2,10600,3,2015,2,0,0,0,0,0,1,0,0,0
-2147483648,3,2,350,250,1,3160,2,2018,1,0,0,0,0,0,1,0,0,0
-2147483648,4,2,350,190,3,3500,2,1998,1,0,0,0,0,0,1,0,0,0
1550000000,3,3,94,130,2,2200,2,2022,0,0,0,0,0,0,0,1,0,0
920000000,3,3,69,65,0,2200,2,2021,1,0,0,0,0,0,0,1,0,0
-2147483648,8,4,1000,800,1,10000,2,1977,1,0,0,0,0,0,1,0,0,0
-2147483648,4,3,109,200,2,2200,3,2022,0,0,0,0,0,0,1,0,0,0
-2147483648,3,2,104,126,1,2200,2,2021,1,0,0,0,0,0,1,0,0,0
-2147483648,4,4,94,200,2,2200,3,2022,0,0,0,0,0,0,1,0,0,0
-2147483648,4,3,94,200,2,3300,3,2022,0,0,0,0,0,0,1,0,0,0
-2147483648,4,3,348,260,1,3500,2,1994,1,0,0,0,0,0,1,0,0,0
-2147483648,5,5,375,500,2,16500,2,2015,2,0,0,0,0,0,1,0,0,0
-2147483648,4,3,109,200,2,2200,3,2022,0,0,0,0,0,0,1,0,0,0
-2147483648,3,3,127,142,2,2200,2,2022,0,0,0,0,0,0,1,0,0,0
-2147483648,5,6,500,550,4,24000,2,2018,4,0,0,0,0,0,1,0,0,0
-2147483648,4,4,400,700,2,10000,3,2019,2,0,0,0,0,0,1,0,0,0
1970000000,3,3,79,120,1,2200,2,2022,0,0,0,0,0,0,1,0,0,0
-2147483648,3,3,1230,450,2,7700,1,2005,6,0,0,0,0,0,1,0,0,0
-2147483648,5,4,600,400,4,16500,2,2017,2,0,0,0,0,0,1,0,0,0
-2147483648,5,4,275,300,3,7700,2,2018,0,0,0,0,0,0,1,0,0,0
-2147483648,6,5,154,350,2,4400,3,2022,2,0,0,0,0,0,1,0,0,0
-2147483648,4,2,275,250,1,3160,2,2018,1,0,0,0,0,0,1,0,0,0
-2147483648,3,2,325,186,2,4400,1,2018,1,0,0,0,1,0,0,0,0,0
-2147483648,4,2,160,300,1,4400,3,2015,1,0,0,0,0,0,0,0,1,0
-2147483648,3,3,200,660,2,7700,4,2022,2,0,0,0,0,0,0,0,1,0
-2147483648,5,5,325,750,2,7700,3,2018,1,0,0,0,0,0,0,0,1,0
-2147483648,4,4,530,700,0,3160,2,2018,0,0,0,0,0,0,0,0,1,0
-2147483648,3,3,200,150,2,3500,1,2005,0,0,0,0,0,0,0,0,1,0
451000000,2,1,20,37,0,2200,2,2022,0,0,0,0,0,1,0,0,0,0
568000000,2,1,21,40,0,2200,2,2022,0,0,0,0,0,1,0,0,0,0
-2147483648,4,4,346,300,1,4400,2,2016,0,0,0,0,1,0,0,0,0,0
700000000,3,2,62,70,1,2200,2,2022,1,0,0,0,0,0,0,1,0,0
1280000000,3,2,85,80,2,2200,2,2022,2,0,0,0,0,0,0,1,0,0
900000000,3,2,74,69,2,2200,2,2022,2,0,0,0,0,0,0,1,0,0
-2147483648,4,4,475,420,2,4400,2,2005,2,0,0,0,0,0,0,1,0,0
-2147483648,3,3,120,150,1,3160,2,2018,1,0,0,0,1,0,0,0,0,0
-2147483648,3,3,200,450,2,2200,3,2022,2,0,0,0,1,0,0,0,0,0
-2147483648,4,4,220,270,4,3300,2,2018,0,0,0,0,1,0,0,0,0,0
-2147483648,3,3,120,131,2,4400,2,2019,0,0,0,0,1,0,0,0,0,0
-2147483648,5,2,206,120,2,1300,2,1988,2,0,0,0,0,0,0,1,0,0
-2147483648,4,4,216,231,1,3160,2,2018,1,0,0,0,0,0,0,1,0,0
-2147483648,3,3,171,250,0,3300,2,2005,1,0,0,0,0,0,0,1,0,0
-2147483648,3,3,106,150,2,2200,2,2020,0,0,0,0,0,0,0,1,0,0
-2147483648,3,3,180,115,2,5500,1,2018,2,0,0,0,0,0,0,1,0,0
1500000000,3,2,66,110,0,2200,1,2021,0,0,0,0,0,0,0,1,0,0
-2147483648,3,2,97,120,0,2200,2,2018,1,0,0,0,1,0,0,0,0,0
1100000000,2,1,78,100,2,2200,1,2018,0,0,0,0,1,0,0,0,0,0
1900000000,3,3,65,135,2,2200,3,2022,0,0,0,0,1,0,0,0,0,0
-2147483648,6,8,212,450,2,8000,4,2019,2,0,0,0,1,0,0,0,0,0
1100000000,3,1,68,50,1,1300,1,2012,0,0,0,0,1,0,0,0,0,0
1500000000,4,3,42,120,1,5500,3,2019,0,0,0,0,1,0,0,0,0,0
1450000000,3,2,90,120,1,2200,2,2000,0,0,0,0,1,0,0,0,0,0
-2147483648,4,3,128,275,0,5500,3,2018,0,0,0,0,1,0,0,0,0,0
-2147483648,3,3,150,200,0,4400,2,2017,2,0,0,0,1,0,0,0,0,0
-2147483648,4,3,240,250,1,3160,2,2018,0,0,0,0,1,0,0,0,0,0
1500000000,3,2,72,100,1,2200,2,2015,0,0,0,0,1,0,0,0,0,0
-2147483648,4,3,255,270,1,4400,3,2018,1,0,0,0,1,0,0,0,0,0
-2147483648,3,3,264,359,0,5500,3,2018,0,0,0,0,1,0,0,0,0,0
-2147483648,4,4,240,400,2,7700,2,2018,2,0,0,0,1,0,0,0,0,0
-2147483648,2,3,160,240,2,3500,2,2018,0,0,0,0,1,0,0,0,0,0
1600000000,3,2,90,70,0,2200,1,2018,0,0,0,0,1,0,0,0,0,0
525000000,2,1,24,44,0,1300,2,2022,0,0,0,0,0,0,0,0,1,0
475000000,2,1,21,33,0,1300,2,2022,0,0,0,0,0,0,0,0,1,0
477000000,2,2,22,40,0,2200,2,2022,0,0,0,0,0,1,0,0,0,0
477000000,2,2,22,40,0,2200,2,2022,0,0,0,0,0,1,0,0,0,0
-2147483648,5,3,1076,120,0,3160,1,2018,0,0,0,0,1,0,0,0,0,0
-2147483648,5,3,144,220,0,3160,2,2018,0,0,0,0,1,0,0,0,0,0
-2147483648,5,3,144,220,0,3160,2,2018,0,0,0,0,1,0,0,0,0,0
-2147483648,3,3,74,150,1,3500,3,2022,0,0,0,0,0,0,0,1,0,0
-2147483648,4,4,193,370,0,2200,2,2006,0,0,0,0,0,0,0,1,0,0
1300000000,3,2,71,60,0,2200,2,2021,0,0,0,0,0,0,0,1,0,0
1100000000,2,2,55,65,1,3160,2,2018,0,0,0,0,1,0,0,0,0,0
-2147483648,6,7,512,700,4,3160,2,2018,2,0,0,0,0,0,1,0,0,0
-2147483648,57,57,491,1500,2,5500,4,2011,10,0,0,0,0,0,1,0,0,0
1500000000,4,2,133,180,0,2200,2,1973,0,0,0,0,0,0,1,0,0,0
-2147483648,5,6,376,500,0,7700,2,1988,2,0,0,0,0,1,0,0,0,0
-2147483648,4,3,145,125,2,2200,2,2022,2,0,0,0,0,0,0,1,0,0
2050000000,3,2,90,100,0,3160,2,2018,0,0,0,0,1,0,0,0,0,0
725000000,2,2,34,64,1,2200,3,2022,0,0,0,0,0,0,0,0,1,0
1050000000,3,2,56,70,1,2200,1,2022,0,0,0,0,0,0,0,1,0,0
1050000000,3,2,56,70,1,2200,1,2022,0,0,0,0,0,0,0,1,0,0
-2147483648,12,13,510,500,8,9500,2,2010,0,0,0,0,0,0,1,0,0,0
919000000,3,2,69,60,1,2200,1,2022,0,0,0,0,0,0,0,1,0,0
1500000000,2,3,45,90,0,2200,3,2022,0,0,0,0,1,0,0,0,0,0
-2147483648,2,3,110,220,3,2200,3,2018,0,0,0,0,1,0,0,0,0,0
-2147483648,5,4,96,215,3,2200,3,2022,0,0,0,0,1,0,0,0,0,0
-2147483648,3,2,150,146,1,4400,2,2016,1,0,0,0,1,0,0,0,0,0
-2147483648,8,8,954,1797,5,53000,2,2018,6,0,0,0,0,0,1,0,0,0
-2147483648,5,4,1211,362,0,11000,1,2008,0,0,0,0,0,0,1,0,0,0
-2147483648,3,2,196,156,4,2200,1,2018,0,0,0,0,1,0,0,0,0,0
-2147483648,5,5,600,600,0,3300,2,2018,0,0,0,0,1,0,0,0,0,0
-2147483648,5,4,370,400,2,5500,2,2000,1,0,0,0,1,0,0,0,0,0
-2147483648,4,3,144,200,1,3500,2,2019,1,0,0,0,1,0,0,0,0,0
-2147483648,6,3,1020,350,10,2200,1,2018,3,0,0,0,0,0,1,0,0,0
-2147483648,4,3,208,250,0,3300,2,2014,0,0,0,0,0,0,1,0,0,0
-2147483648,11,6,661,450,4,3500,2,2018,0,0,0,0,0,0,1,0,0,0
-2147483648,5,5,313,450,1,6600,1,2018,1,0,0,0,0,0,1,0,0,0
-2147483648,4,5,401,400,1,6600,2,2018,0,0,0,0,0,0,1,0,0,0
-2147483648,10,10,540,814,14,10000,3,2015,0,0,0,0,0,0,1,0,0,0
-2147483648,4,3,530,610,5,13200,2,2019,4,0,0,0,0,0,1,0,0,0
-2147483648,4,3,530,600,5,13200,2,2018,4,0,0,0,0,0,1,0,0,0
-2147483648,5,5,680,1200,2,33000,3,2013,5,0,0,0,0,0,1,0,0,0
-2147483648,4,4,245,268,2,23000,2,2015,0,0,0,0,0,0,1,0,0,0
-2147483648,4,3,162,200,1,4400,2,2010,1,0,0,0,1,0,0,0,0,0
-2147483648,6,6,255,585,1,11000,3,2018,0,0,0,0,1,0,0,0,0,0
-2147483648,3,3,248,188,1,3500,1,2018,1,0,0,0,1,0,0,0,0,0
-2147483648,3,3,105,150,1,2200,2,2022,2,0,0,0,1,0,0,0,0,0
-2147483648,6,4,475,350,2,7700,2,2018,3,0,0,0,0,0,1,0,0,0
-2147483648,5,5,475,350,4,3160,2,2018,1,0,0,0,0,0,1,0,0,0
-2147483648,6,4,769,590,8,5500,2,2018,0,0,0,0,0,0,1,0,0,0
-2147483648,3,1,121,120,1,4400,2,2008,0,0,0,0,0,0,1,0,0,0
-2147483648,5,3,438,298,0,11000,2,2010,2,0,0,0,0,0,1,0,0,0
-2147483648,3,3,571,200,2,2200,1,2018,0,0,0,0,0,0,1,0,0,0
-2147483648,3,3,260,430,2,7700,2,2019,1,0,0,0,0,0,1,0,0,0
885000000,4,1,48,96,0,2200,2,2018,0,0,0,0,1,0,0,0,0,0
-2147483648,5,3,333,350,4,5500,2,2018,2,0,0,0,0,0,1,0,0,0
-2147483648,3,3,203,350,1,3160,2,2018,1,0,0,0,0,0,1,0,0,0
-2147483648,5,3,296,296,0,3500,1,2019,0,0,0,0,0,0,0,1,0,0
-2147483648,13,15,119,170,2,5500,2,1901,0,0,0,0,1,0,0,0,0,0
-2147483648,4,3,77,220,2,5500,3,2020,0,0,0,0,0,0,0,0,1,0
-2147483648,6,3,115,200,2,3160,3,2008,0,0,0,0,0,0,0,0,1,0
-2147483648,3,2,130,400,0,2200,1,2022,0,0,0,0,0,0,0,0,1,0
-2147483648,1,1,178,100,0,2200,1,2000,1,0,0,0,0,0,0,0,1,0
-2147483648,3,2,90,150,1,4400,2,2018,0,0,0,0,1,0,0,0,0,0
-2147483648,4,4,270,500,2,3300,2,2018,2,0,0,0,1,0,0,0,0,0
-2147483648,8,7,215,400,1,3500,2,2010,1,0,0,0,0,1,0,0,0,0
-2147483648,54,54,890,1800,0,3160,5,2018,20,0,0,0,0,0,1,0,0,0
1600000000,4,3,68,100,0,2200,3,2022,2,0,0,0,0,0,0,1,0,0
2110000000,3,2,83,105,1,3500,2,2022,0,0,0,0,0,0,1,0,0,0
-2147483648,3,3,144,350,2,4400,3,2018,0,0,0,0,1,0,0,0,0,0
-2147483648,3,3,260,400,2,7700,2,2018,0,0,0,0,0,0,0,1,0,0
1370000000,4,2,120,160,2,2200,2,2022,0,0,0,0,1,0,0,0,0,0
-2147483648,4,4,108,220,1,5500,3,2020,1,0,0,0,0,0,1,0,0,0
-2147483648,4,4,195,165,2,3500,2,2000,0,0,0,0,0,0,1,0,0,0
-2147483648,4,5,256,400,2,5500,3,2022,2,0,0,0,0,0,1,0,0,0
1550000000,2,2,108,133,2,2200,2,2018,0,0,0,0,0,0,0,1,0,0
-2147483648,5,3,260,350,2,4400,2,2018,0,0,0,0,0,0,1,0,0,0
-2147483648,4,4,303,500,0,3160,3,2015,0,0,0,0,0,1,0,0,0,0
-2147483648,4,3,220,250,1,2200,2,2002,1,0,0,0,1,0,0,0,0,0
565000000,2,1,32,38,1,1300,2,2022,1,0,0,0,0,0,0,1,0,0
-2147483648,6,4,150,200,3,2200,2,2018,0,0,0,0,1,0,0,0,0,0
-2147483648,3,3,105,135,1,3500,2,2022,2,0,0,0,0,0,0,0,0,1
-2147483648,4,3,160,209,1,3500,2,2022,2,0,0,0,0,0,0,0,0,1
-2147483648,5,4,124,138,2,2200,2,2021,3,0,0,0,0,0,0,0,0,1
-2147483648,6,5,320,390,2,5500,3,2022,3,0,0,0,0,0,0,0,0,1
-2147483648,5,3,200,150,0,3500,1,2018,0,0,0,0,0,0,0,0,0,1
-2147483648,4,3,140,176,1,3500,2,2022,0,0,0,0,0,0,0,0,0,1
-2147483648,4,4,205,241,3,3500,3,2022,0,0,0,0,0,0,0,0,0,1
-2147483648,3,2,200,155,2,3500,2,2021,0,0,0,0,0,0,0,0,0,1
-2147483648,3,2,200,155,2,2200,2,2021,0,0,0,0,0,0,0,0,0,1
-2147483648,3,2,105,134,2,2200,2,2022,0,0,0,0,0,0,0,0,0,1
-2147483648,3,2,124,138,2,2200,2,2021,1,0,0,0,0,0,0,0,0,1
-2147483648,4,4,240,450,1,3160,2,2018,0,0,0,0,0,0,0,0,0,1
-2147483648,4,4,240,450,2,4400,2,2021,2,0,0,0,0,0,0,0,0,1
-2147483648,4,4,124,138,2,2200,2,2022,4,0,0,0,0,0,0,0,0,1
-2147483648,3,3,105,134,2,3500,2,2022,0,0,0,0,0,0,0,0,0,1
-2147483648,3,3,104,135,1,3500,2,2022,2,0,0,0,0,0,0,0,0,1
-2147483648,3,3,105,134,1,3500,2,2022,0,0,0,0,0,0,0,0,0,1
-2147483648,4,3,240,208,2,3500,2,2017,0,0,0,0,0,0,0,0,0,1
-2147483648,5,4,200,155,0,2200,2,2019,4,0,0,0,0,0,0,0,0,1
-2147483648,6,4,320,390,3,5500,3,2022,3,0,0,0,0,0,0,0,0,1
-2147483648,4,4,140,176,1,3500,2,2022,0,0,0,0,0,0,0,0,0,1
-2147483648,4,4,105,134,0,3500,2,2022,0,0,0,0,0,0,0,0,0,1
-2147483648,5,4,144,277,2,5500,3,2022,2,0,0,0,0,0,0,0,0,1
-2147483648,3,3,105,134,1,2200,2,2022,2,0,0,0,0,0,0,0,0,1
-2147483648,4,3,160,209,1,3500,2,2022,0,0,0,0,0,0,0,0,0,1
-2147483648,4,3,140,176,1,3160,2,2022,2,0,0,0,0,0,0,0,0,1
-2147483648,4,3,160,209,1,3160,2,2022,2,0,0,0,0,0,0,0,0,1
-2147483648,4,3,140,176,1,3500,2,2022,2,0,0,0,0,0,0,0,0,1
-2147483648,5,4,160,209,3,2200,2,2021,4,0,0,0,0,0,0,0,0,1
-2147483648,4,3,105,134,2,2200,2,2022,0,0,0,0,0,0,0,0,0,1
-2147483648,5,4,140,176,2,3300,2,2022,3,0,0,0,0,0,0,0,0,1
-2147483648,4,4,105,134,0,3160,1,2018,0,0,0,0,0,0,0,0,0,1
-2147483648,5,6,108,195,2,3500,3,2020,2,0,0,0,0,0,0,0,0,1
-2147483648,4,3,200,155,2,2200,2,2020,2,0,0,0,0,0,0,0,0,1
-2147483648,3,3,105,135,1,3500,2,2022,2,0,0,0,0,0,0,0,0,1
1320000000,6,2,91,170,1,2200,2,2018,1,0,0,0,0,0,0,0,0,1
-2147483648,4,4,160,209,1,3500,2,2022,2,0,0,0,0,0,0,0,0,1
-2147483648,3,3,105,135,1,3500,2,2022,2,0,0,0,0,0,0,0,0,1
-2147483648,4,3,140,176,1,3500,2,2022,2,0,0,0,0,0,0,0,0,1
-2147483648,3,2,105,134,2,3500,2,2022,0,0,0,0,0,0,0,0,0,1
-2147483648,4,3,140,176,2,5500,1,2022,0,0,0,0,0,0,0,0,0,1
-2147483648,4,3,160,209,0,3500,1,2022,0,0,0,0,0,0,0,0,0,1
1200000000,2,1,50,63,1,2200,2,2022,0,0,0,0,0,0,0,0,0,1
-2147483648,4,4,350,750,2,6600,1,2010,2,0,0,0,0,0,0,0,0,1
-2147483648,4,4,205,241,3,3500,3,2022,0,0,0,0,0,0,0,0,0,1
-2147483648,5,4,200,193,2,2200,2,2021,4,0,0,0,0,0,0,0,0,1
-2147483648,3,2,128,138,2,2200,2,2021,2,0,0,0,0,0,0,0,0,1
-2147483648,6,7,200,155,2,2200,2,2020,2,0,0,0,0,0,0,0,0,1
-2147483648,4,3,160,209,1,3500,1,2022,2,0,0,0,0,0,0,0,0,1
-2147483648,2,2,105,134,2,3500,2,2022,0,0,0,0,0,0,0,0,0,1
-2147483648,3,3,105,135,1,3500,2,2022,0,0,0,0,0,0,0,0,0,1
1200000000,3,2,80,80,1,1300,2,2018,0,0,0,0,0,0,0,0,0,1
1320000000,6,2,91,170,0,2200,2,2018,1,0,0,0,0,0,0,0,0,1
1800000000,3,2,144,180,0,2200,1,2018,1,0,0,0,0,0,0,0,0,1
1530000000,2,2,90,95,1,2200,2,2018,0,0,0,0,0,0,0,0,0,1
-2147483648,5,6,300,700,6,5500,3,2020,0,0,0,0,0,0,0,0,0,1
-2147483648,5,4,144,277,1,5500,3,2022,0,0,0,0,0,0,0,0,0,1
-2147483648,3,2,170,110,1,2200,2,2010,1,0,0,0,0,0,0,0,0,1
-2147483648,3,2,124,138,1,3300,2,2022,2,0,0,0,0,0,0,0,0,1
-2147483648,3,3,144,200,2,2200,2,2019,0,0,0,0,0,0,0,0,0,1
-2147483648,4,3,117,177,1,3500,2,2018,0,0,0,0,0,0,0,0,0,1
-2147483648,3,3,105,134,1,3500,2,2022,0,0,0,0,0,0,0,0,0,1
-2147483648,4,3,200,193,2,2200,2,2021,0,0,0,0,0,0,0,0,0,1
-2147483648,4,3,200,155,2,2200,2,2021,0,0,0,0,0,0,0,0,0,1
-2147483648,5,4,320,390,3,5500,3,2021,0,0,0,0,0,0,0,0,0,1
-2147483648,6,6,126,231,0,3500,3,2020,2,0,0,0,0,0,0,0,0,1
-2147483648,5,4,144,277,1,5500,3,2022,2,0,0,0,0,0,0,0,0,1
-2147483648,4,4,157,270,0,4400,2,2018,1,0,0,0,0,0,0,0,0,1
-2147483648,3,2,765,650,3,10600,2,2018,2,0,0,0,0,0,0,0,0,1
-2147483648,5,5,350,750,0,3160,2,2018,0,0,0,0,0,0,0,0,0,1
-2147483648,5,4,215,287,1,5500,3,2022,3,0,0,0,0,0,0,0,0,1
-2147483648,4,3,108,195,1,3500,3,2022,2,0,0,0,0,0,0,0,0,1
-2147483648,6,7,473,705,2,13200,1,2021,2,0,0,0,0,0,0,0,0,1
-2147483648,5,4,108,195,2,3500,2,2022,4,0,0,0,0,0,0,0,0,1
-2147483648,5,4,144,277,1,5500,3,2021,2,0,0,0,0,0,0,0,0,1
-2147483648,5,4,105,135,2,2200,2,2021,4,0,0,0,0,0,0,0,0,1
-2147483648,4,4,230,540,2,3160,2,2018,2,0,0,0,0,0,0,0,0,1
1860000000,3,3,144,100,1,2200,1,2018,1,0,0,0,0,0,0,0,0,1
1680000000,3,2,76,67,1,2200,2,2018,1,0,0,0,0,0,0,0,0,1
-2147483648,3,2,124,138,1,3500,2,2022,0,0,0,0,0,0,0,0,0,1
-2147483648,4,3,200,155,1,3500,2,2022,1,0,0,0,0,0,0,0,0,1
-2147483648,3,3,105,134,2,2200,2,2022,0,0,0,0,0,0,0,0,0,1
960000000,3,1,103,90,1,1300,1,2018,1,0,0,0,0,0,0,0,0,1
-2147483648,4,3,140,176,1,3500,2,2022,2,0,0,0,0,0,0,0,0,1
-2147483648,5,4,144,277,1,5500,3,2022,2,0,0,0,0,0,0,0,0,1
-2147483648,5,4,105,134,0,2200,2,2022,2,0,0,0,0,0,0,0,0,1
-2147483648,4,4,124,138,2,2200,2,2020,3,0,0,0,0,0,0,0,0,1
-2147483648,4,5,205,183,2,5500,2,2021,5,0,0,0,0,0,0,0,0,1
-2147483648,3,2,200,160,0,4400,1,2018,0,0,0,0,0,0,0,0,0,1
-2147483648,5,4,144,277,2,10000,3,2021,0,0,0,0,0,0,0,0,0,1
-2147483648,4,4,200,250,2,5500,2,2021,0,0,0,0,0,0,0,0,0,1
-2147483648,4,3,126,231,1,3500,3,2021,2,0,0,0,0,0,0,0,0,1
-2147483648,5,4,144,277,1,5500,3,2021,2,0,0,0,0,0,0,0,0,1
-2147483648,5,4,198,287,2,5500,3,2021,3,0,0,0,0,0,0,0,0,1
-2147483648,4,4,240,450,0,3500,1,2012,0,0,0,0,0,0,0,0,0,1
-2147483648,3,3,105,134,2,3500,2,2022,0,0,0,0,0,0,0,0,0,1
-2147483648,5,4,108,195,0,2200,3,2021,2,0,0,0,0,0,0,0,0,1
-2147483648,4,3,200,240,2,3300,2,2015,0,0,0,0,0,0,0,0,0,1
-2147483648,4,4,280,360,2,4400,2,2015,2,0,0,0,0,0,0,0,0,1
-2147483648,4,3,105,135,2,2200,2,2018,0,0,0,0,0,0,0,0,0,1
-2147483648,4,4,124,138,2,3500,2,2021,0,0,0,0,0,0,0,0,0,1
-2147483648,5,4,198,287,3,5500,3,2022,0,0,0,0,0,0,0,0,0,1
-2147483648,3,3,105,135,1,3500,2,2022,0,0,0,0,0,0,0,0,0,1
-2147483648,4,3,160,209,2,4400,2,2022,0,0,0,0,0,0,0,0,0,1
-2147483648,4,3,140,176,2,3500,2,2022,0,0,0,0,0,0,0,0,0,1
-2147483648,3,3,250,300,2,3500,2,2017,0,0,0,0,0,0,0,0,0,1
-2147483648,3,1,136,110,0,2200,2,2018,2,0,0,0,0,0,0,0,0,1
-2147483648,3,2,102,125,1,2200,2,2014,0,0,0,0,0,0,0,0,0,1
-2147483648,3,2,102,111,1,3300,2,2018,0,0,0,0,0,0,0,0,0,1
-2147483648,4,3,224,340,3,3500,2,2021,3,0,0,0,0,0,0,0,0,1
-2147483648,4,4,763,650,2,3160,2,2018,0,0,0,0,0,0,0,0,0,1
-2147483648,3,3,152,140,2,3500,2,2018,0,0,0,0,0,0,0,0,0,1
-2147483648,4,2,250,180,2,2200,2,2018,0,0,0,0,0,0,0,0,0,1
-2147483648,6,7,473,705,4,13200,3,2018,2,0,0,0,0,0,0,0,0,1
-2147483648,4,4,240,460,1,4400,2,2022,1,0,0,0,0,0,0,0,0,1
-2147483648,4,3,96,116,2,2200,2,2021,0,0,0,0,0,0,0,0,0,1
-2147483648,4,3,140,176,1,3500,2,2022,2,0,0,0,0,0,0,0,0,1
-2147483648,4,3,216,283,2,5500,2,2022,1,0,0,0,0,0,0,0,0,1
-2147483648,3,3,84,128,2,2200,3,2022,2,0,0,0,0,0,0,0,0,1
1440000000,4,2,96,110,0,2200,2,2018,1,0,0,0,0,0,0,0,0,1
-2147483648,3,2,161,200,1,2200,2,2018,1,0,0,0,0,0,0,0,0,1
-2147483648,5,6,414,840,4,11000,3,2021,0,0,0,0,0,0,0,0,0,1
-2147483648,4,3,214,230,2,5500,2,2022,1,0,0,0,0,0,0,0,0,1
1060000000,4,3,106,151,1,1300,2,2018,1,0,0,0,0,0,0,0,0,1
-2147483648,3,3,120,130,0,2200,2,2018,1,0,0,0,0,0,0,0,0,1
889000000,2,1,72,41,1,2200,1,2022,1,0,0,0,0,0,0,0,0,1
1440000000,4,2,96,110,1,2200,2,2018,1,0,0,0,0,0,0,0,0,1
-2147483648,3,3,180,217,2,4400,2,2022,0,0,0,0,0,0,0,0,0,1
-2147483648,3,3,180,257,2,4400,2,2018,0,0,0,0,0,0,0,0,0,1
1440000000,2,2,120,102,1,1300,1,2018,1,0,0,0,0,0,0,0,0,1
1320000000,6,2,91,170,1,2200,2,2018,1,0,0,0,0,0,0,0,0,1
650000000,2,1,72,36,1,1300,1,2018,0,0,0,0,0,0,0,0,0,1
-2147483648,4,4,216,283,2,7700,2,2022,0,0,0,0,0,0,0,0,0,1
-2147483648,5,4,120,126,2,2200,2,2022,2,0,0,0,0,0,0,0,0,1
-2147483648,3,3,120,130,1,2200,2,2018,1,0,0,0,0,0,0,0,0,1
1020000000,2,1,90,65,1,1300,1,2018,1,0,0,0,0,0,0,0,0,1
-2147483648,4,5,585,425,2,7700,3,2014,1,0,0,0,0,0,0,0,0,1
-2147483648,4,3,119,123,1,3500,2,2016,0,0,0,0,0,0,0,0,0,1
-2147483648,4,3,162,154,1,4400,2,2014,1,0,0,0,0,0,0,0,0,1
-2147483648,4,3,238,178,1,2200,2,2015,0,0,0,0,0,0,0,0,0,1
-2147483648,3,2,105,114,1,3500,2,2018,1,0,0,0,0,0,0,0,0,1
-2147483648,3,3,249,180,1,2200,2,2012,2,0,0,0,0,0,0,0,0,1
-2147483648,3,3,180,257,3,5500,2,2022,0,0,0,0,0,0,0,0,0,1
1940000000,3,2,80,102,1,2200,1,2022,2,0,0,0,0,0,0,0,0,1
-2147483648,3,3,128,129,2,2200,1,2022,0,0,0,0,0,0,0,0,0,1
-2147483648,3,4,180,217,2,3500,2,2022,2,0,0,0,0,0,0,0,0,1
-2147483648,4,3,135,168,2,3500,2,2018,0,0,0,0,0,0,0,0,0,1
-2147483648,3,3,136,135,2,2200,2,2012,1,0,0,0,0,0,0,0,0,1
1200000000,3,3,72,120,1,2200,2,2022,0,0,0,0,0,0,0,0,0,1
-2147483648,3,2,233,135,1,2200,2,2019,1,0,0,0,0,0,0,0,0,1
-2147483648,4,4,182,180,2,5500,2,2015,1,0,0,0,0,0,0,0,0,1
-2147483648,4,3,136,200,1,2200,2,2015,0,0,0,0,0,0,0,0,0,1
1950000000,3,2,105,107,0,2200,2,2015,0,0,0,0,0,0,0,0,0,1
1550000000,3,2,90,65,1,2200,2,2017,0,0,0,0,0,0,0,0,0,1
1280000000,3,2,52,60,1,2200,2,2022,0,0,0,0,0,0,0,0,0,1
1600000000,3,2,72,84,1,2200,2,2013,0,0,0,0,0,0,0,0,0,1
-2147483648,4,4,152,225,1,2200,2,2015,0,0,0,0,0,0,0,0,0,1
-2147483648,3,2,162,159,1,2200,2,2015,1,0,0,0,0,0,0,0,0,1
-2147483648,4,3,153,196,1,3500,2,2018,1,0,0,0,0,0,0,0,0,1
-2147483648,4,2,136,200,0,3500,2,2018,0,0,0,0,0,0,0,0,0,1
-2147483648,4,3,128,160,1,4400,2,2018,1,0,0,0,0,0,0,0,0,1
2000000000,3,3,108,105,1,2200,2,2018,0,0,0,0,0,0,0,0,0,1
-2147483648,3,3,120,116,2,3160,2,2018,0,0,0,0,0,0,0,0,0,1
1850000000,3,2,72,77,1,2200,2,2018,0,0,0,0,0,0,0,0,0,1
-2147483648,4,3,96,116,2,2200,2,2020,0,0,0,0,0,0,0,0,0,1
-2147483648,3,3,102,80,1,2200,2,2022,2,0,0,0,0,0,0,0,0,1
-2147483648,3,3,128,200,1,5500,2,2018,0,0,0,0,0,0,0,0,0,1
-2147483648,3,3,252,153,1,3500,2,2015,1,0,0,0,0,0,0,0,0,1
-2147483648,4,3,360,300,1,5500,2,2018,0,0,0,0,0,0,0,0,0,1
2000000000,3,2,84,90,2,2200,3,2020,0,0,0,0,0,0,0,0,0,1
1940000000,3,3,80,102,1,2200,2,2022,0,0,0,0,0,0,0,0,0,1
-2147483648,3,3,96,120,2,2200,2,2018,0,0,0,0,0,0,0,0,0,1
1400000000,2,2,48,63,1,2200,2,2021,0,0,0,0,0,0,0,0,0,1
-2147483648,4,3,128,130,2,3160,2,2018,0,0,0,0,0,0,0,0,0,1
-2147483648,4,4,450,450,4,23000,2,2018,4,0,0,0,0,0,0,0,0,1
-2147483648,3,3,144,164,2,2200,2,2018,0,0,0,0,0,0,0,0,0,1
-2147483648,4,3,162,182,1,3160,2,2018,0,0,0,0,0,0,0,0,0,1
-2147483648,6,4,426,394,2,5500,2,2018,0,0,0,0,0,0,0,0,0,1
-2147483648,3,2,278,200,1,3160,2,2018,1,0,0,0,0,0,0,0,0,1
-2147483648,3,3,160,240,2,3160,2,2018,0,0,0,0,0,0,0,0,0,1
-2147483648,3,3,180,217,2,3160,2,2018,0,0,0,0,0,0,0,0,0,1
-2147483648,3,3,128,129,0,2200,2,2018,0,0,0,0,0,0,0,0,0,1
-2147483648,4,3,128,160,1,4400,2,2020,1,0,0,0,0,0,0,0,0,1
-2147483648,4,3,170,212,1,3160,2,2018,0,0,0,0,0,0,0,0,0,1
-2147483648,3,3,154,140,1,3500,2,2017,0,0,0,0,0,0,0,0,0,1
-2147483648,4,4,157,148,1,3500,2,2019,0,0,0,0,0,0,0,0,0,1
-2147483648,99,99,1150,6000,0,3160,4,2018,50,0,0,0,0,0,0,0,0,1
-2147483648,4,3,303,300,2,5500,2,2012,2,0,0,0,0,0,0,0,0,1
-2147483648,3,3,192,250,2,4400,2,2015,0,0,0,0,0,0,0,0,0,1
-2147483648,3,3,180,257,3,3500,2,2022,0,0,0,0,0,0,0,0,0,1
1460000000,2,2,48,63,1,2200,2,2022,0,0,0,0,0,0,0,0,0,1
-2147483648,4,3,216,283,2,7700,2,2021,1,0,0,0,0,0,0,0,0,1
1950000000,3,3,96,150,1,4400,2,2018,0,0,0,0,0,0,0,0,0,1
1950000000,3,3,96,150,1,4400,2,2018,0,0,0,0,0,0,0,0,0,1
-2147483648,4,3,144,212,1,5500,2,2018,0,0,0,0,0,0,0,0,0,1
900000000,2,1,90,60,1,2200,1,2010,0,0,0,0,0,0,0,0,0,1
-2147483648,4,3,136,200,1,2200,2,2018,0,0,0,0,0,0,0,0,0,1
755000000,3,2,78,60,1,1300,2,2022,0,0,0,0,0,0,0,0,0,1
785000000,3,2,85,60,1,1300,2,2022,0,0,0,0,0,0,0,0,0,1
-2147483648,4,3,128,160,1,4400,2,2018,0,0,0,0,0,0,0,0,0,1
-2147483648,4,3,135,168,1,2200,1,2018,0,0,0,0,0,0,0,0,0,1
-2147483648,4,4,238,178,1,3500,2,2018,0,0,0,0,0,0,0,0,0,1
-2147483648,4,5,585,425,1,5500,2,2018,1,0,0,0,0,0,0,0,0,1
-2147483648,4,4,216,300,1,5500,2,2018,1,0,0,0,0,0,0,0,0,1
-2147483648,5,4,303,300,1,5500,2,2018,1,0,0,0,0,0,0,0,0,1
-2147483648,3,3,136,200,2,2200,2,2015,2,0,0,0,0,0,0,0,0,1
-2147483648,3,2,202,106,0,2200,2,2018,0,0,0,0,0,0,0,0,0,1
1200000000,2,2,48,65,1,2200,2,2018,0,0,0,0,0,0,0,0,0,1
-2147483648,3,2,300,157,1,3300,1,2015,1,0,0,0,0,0,0,0,0,1
2100000000,3,2,119,97,2,2200,2,2018,0,0,0,0,0,0,0,0,0,1
-2147483648,3,2,144,250,1,3500,2,2020,1,0,0,0,0,0,0,0,0,1
-2147483648,4,3,96,116,0,2200,2,2018,0,0,0,0,0,0,0,0,0,1
-2147483648,4,3,140,176,1,3500,2,2022,2,0,0,0,0,0,0,0,0,1
-2147483648,4,4,200,180,1,3160,2,2018,0,0,0,0,0,0,0,0,0,1
-2147483648,5,7,300,480,0,16500,3,2018,2,0,0,0,0,0,0,0,0,1
-2147483648,5,4,396,465,2,4400,3,2022,2,0,0,0,0,0,0,0,0,1
-2147483648,3,3,128,144,0,2200,2,2018,1,0,0,0,0,0,0,0,0,1
-2147483648,5,6,220,398,2,10600,3,2022,1,0,0,0,0,0,0,0,0,1
-2147483648,3,3,84,126,2,2200,3,2022,0,0,0,0,0,0,0,0,0,1
-2147483648,5,5,300,480,4,16500,3,2022,2,0,0,0,0,0,0,0,0,1
-2147483648,4,4,200,358,2,7700,1,2018,0,0,0,0,0,0,0,0,0,1
1020000000,4,2,32,90,0,2200,3,2017,0,0,0,0,0,0,0,0,0,1
-2147483648,5,5,396,465,0,3160,3,2018,0,0,0,0,0,0,0,0,0,1
-2147483648,4,4,128,183,2,4400,3,2022,0,0,0,0,0,0,0,0,0,1
-2147483648,4,3,220,285,2,3160,3,2018,2,0,0,0,0,0,0,0,0,1
1250000000,3,2,90,65,1,2200,2,2018,1,0,0,0,0,0,0,0,0,1
1200000000,2,2,72,71,1,2200,2,2018,1,0,0,0,0,0,0,0,0,1
-2147483648,4,4,185,181,1,4400,2,2018,1,0,0,0,0,0,0,0,0,1
-2147483648,4,4,157,270,1,4400,2,2018,1,0,0,0,0,0,0,0,0,1
1000000000,3,3,63,83,2,3300,2,2022,2,0,0,0,0,0,0,0,0,1
1700000000,3,2,60,73,1,2200,2,2022,0,0,0,0,0,0,0,0,0,1
1300000000,2,1,48,45,1,2200,2,2022,1,0,0,0,0,0,0,0,0,1
1800000000,3,2,70,78,1,2200,2,2016,1,0,0,0,0,0,0,0,0,1
599000000,3,2,70,50,1,1300,2,2022,2,0,0,0,0,0,0,0,0,1
-2147483648,3,2,204,186,0,3160,1,2018,0,0,0,0,0,0,0,0,0,1
-2147483648,3,2,72,120,0,3300,2,2021,0,0,0,0,0,0,0,0,0,1
-2147483648,3,2,98,130,1,2200,2,2022,0,0,0,0,0,0,0,0,0,1
-2147483648,5,4,480,400,0,6600,2,2005,3,0,0,0,0,0,0,0,0,1
-2147483648,4,3,402,450,2,3500,2,2005,2,0,0,0,0,0,0,0,0,1
1450000000,3,2,50,68,1,2200,2,2021,0,0,0,0,0,0,0,0,0,1
-2147483648,3,3,235,200,3,3500,2,2018,0,0,0,0,0,0,0,0,0,1
1600000000,4,2,60,78,2,2200,2,2021,0,0,0,0,0,0,0,0,0,1
-2147483648,5,4,801,1046,3,7700,3,2021,3,0,0,0,0,0,0,0,0,1
-2147483648,4,3,120,135,2,3160,2,2018,0,0,0,0,0,0,0,0,0,1
-2147483648,5,5,396,1,2,3160,3,2018,2,0,0,0,0,0,0,0,0,1
-2147483648,3,2,300,175,1,2200,2,2001,1,0,0,0,0,0,0,0,0,1
1850000000,3,2,70,78,1,2200,2,2015,0,0,0,0,0,0,0,0,0,1
1580000000,2,1,105,80,1,4400,1,2018,0,0,0,0,0,0,0,0,0,1
-2147483648,5,3,1884,500,4,6600,2,2021,2,0,0,0,0,0,0,0,0,1
1000000000,2,2,64,65,0,2200,2,2022,0,0,0,0,0,0,0,0,0,1
900000000,2,2,53,60,2,2200,2,2020,0,0,0,0,0,0,0,0,0,1
-2147483648,4,3,372,250,3,4400,3,2022,3,0,0,0,0,0,0,0,0,1
-2147483648,3,3,181,182,3,4400,2,2021,1,0,0,0,0,0,0,0,0,1
-2147483648,5,5,220,398,2,13900,3,2022,1,0,0,0,0,0,0,0,0,1
-2147483648,4,4,200,358,3,3160,3,2018,0,0,0,0,0,0,0,0,0,1
-2147483648,4,3,150,190,3,2200,2,2021,3,0,0,0,0,0,0,0,0,1
1700000000,2,2,60,67,1,2200,2,2022,1,0,0,0,0,0,0,0,0,1
1490000000,3,2,50,70,1,3160,2,2018,1,0,0,0,0,0,0,0,0,1
-2147483648,4,6,240,350,1,4400,2,2010,1,0,0,0,0,0,0,0,0,1
-2147483648,3,3,225,120,1,3300,2,2018,1,0,0,0,0,0,0,0,0,1
1300000000,4,2,32,90,2,2200,3,2020,0,0,0,0,0,0,0,0,0,1
-2147483648,3,3,237,143,2,3500,2,2017,0,0,0,0,0,0,0,0,0,1
-2147483648,5,4,206,280,0,3160,2,2018,1,0,0,0,0,0,0,0,0,1
800000000,3,2,60,65,2,2200,2,2022,0,0,0,0,0,0,0,0,0,1
-2147483648,5,6,396,465,2,13200,3,2021,2,0,0,0,0,0,0,0,0,1
-2147483648,5,5,665,601,0,16500,3,2021,2,0,0,0,0,0,0,0,0,1
-2147483648,3,3,98,88,1,2200,2,2017,0,0,0,0,0,0,0,0,0,1
-2147483648,3,3,66,86,1,2200,2,2022,0,0,0,0,0,0,0,0,0,1
-2147483648,4,4,153,147,2,4400,2,2022,0,0,0,0,0,0,0,0,0,1
1900000000,3,2,98,100,1,2200,2,2022,0,0,0,0,0,0,0,0,0,1
-2147483648,4,3,136,180,2,2200,2,2022,0,0,0,0,0,0,0,0,0,1
1200000000,3,2,112,80,1,2200,1,2020,0,0,0,0,0,0,0,0,0,1
1400000000,2,2,60,45,0,2200,2,2021,2,0,0,0,0,0,0,0,0,1
-2147483648,6,4,335,240,2,3300,2,2020,0,0,0,0,0,0,0,0,0,1
-2147483648,5,4,241,200,2,3500,2,2020,0,0,0,0,0,0,0,0,0,1
-2147483648,4,4,135,171,2,2200,2,2019,0,0,0,0,0,0,0,0,0,1
2100000000,3,3,107,130,1,2200,2,2022,0,0,0,0,0,0,0,0,0,1
-2147483648,4,4,120,135,0,2200,2,2021,0,0,0,0,0,0,0,0,0,1
1750000000,3,2,90,68,0,3160,2,2020,0,0,0,0,0,0,0,0,0,1
785000000,3,2,85,60,0,1300,2,2022,0,0,0,0,0,0,0,0,0,1
888000000,3,2,60,66,1,2200,1,2022,1,0,0,0,0,0,0,0,0,1
-2147483648,5,4,435,438,2,3500,2,2018,2,0,0,0,0,0,0,0,0,1
1750000000,3,2,77,85,0,2200,2,2020,0,0,0,0,0,0,0,0,0,1
-2147483648,3,3,84,126,0,2200,2,2022,0,0,0,0,0,0,0,0,0,1
-2147483648,4,4,450,750,0,6600,3,2018,0,0,0,0,0,0,0,0,0,1
-2147483648,4,4,396,250,0,4400,2,2022,0,0,0,0,0,0,0,0,0,1
1650000000,2,2,60,73,1,2200,2,2020,0,0,0,0,0,0,0,0,0,1
-2147483648,3,4,96,138,0,3300,2,2020,0,0,0,0,0,0,0,0,0,1
-2147483648,4,3,224,350,2,7700,3,2022,0,0,0,0,0,0,0,0,0,1
1580000000,2,1,105,80,1,2200,1,2018,0,0,0,0,0,0,0,0,0,1
-2147483648,4,4,224,350,2,3500,3,2022,0,0,0,0,0,0,0,0,0,1
-2147483648,4,3,187,220,0,3160,2,2018,0,0,0,0,0,0,0,0,0,1
-2147483648,4,4,247,360,1,2200,2,2018,0,0,0,0,0,0,0,0,0,1
2100000000,3,2,119,79,1,2200,2,2018,0,0,0,0,0,0,0,0,0,1
-2147483648,3,3,200,175,1,2200,2,2012,1,0,0,0,0,0,0,0,0,1
-2147483648,3,3,128,100,0,2200,2,2018,0,0,0,0,0,0,0,0,0,1
-2147483648,3,3,144,180,1,4400,2,2009,0,0,0,0,0,0,0,0,0,1
-2147483648,3,2,188,195,1,3500,2,2015,1,0,0,0,0,0,0,0,0,1
-2147483648,5,5,300,400,1,3160,2,2018,0,0,0,0,0,0,0,0,0,1
-2147483648,6,4,200,290,1,3500,2,2018,0,0,0,0,0,0,0,0,0,1
1300000000,3,1,84,70,1,2200,1,2018,0,0,0,0,0,0,0,0,0,1
-2147483648,3,3,150,230,1,3500,1,2018,1,0,0,0,0,0,0,0,0,1
-2147483648,6,4,200,290,0,3500,2,2018,0,0,0,0,0,0,0,0,0,1
1500000000,2,2,72,80,1,2200,2,2017,0,0,0,0,0,0,0,0,0,1
-2147483648,4,2,160,180,2,3500,2,2009,0,0,0,0,0,0,0,0,0,1
-2147483648,8,5,426,653,1,10600,3,2016,1,0,0,0,0,0,0,0,0,1
-2147483648,5,4,162,120,1,2200,2,2018,0,0,0,0,0,0,0,0,0,1
-2147483648,4,3,144,250,1,2200,2,2018,0,0,0,0,0,0,0,0,0,1
-2147483648,4,1,176,290,0,4400,2,2018,1,0,0,0,0,0,0,0,0,1
2000000000,2,2,96,100,1,2200,2,2019,0,0,0,0,0,0,0,0,0,1
-2147483648,4,4,163,278,2,3500,3,2018,0,0,0,0,0,0,0,0,0,1
-2147483648,6,6,399,725,2,3160,3,2018,1,0,0,0,0,0,0,0,0,1
-2147483648,3,2,144,275,2,2200,1,2017,0,0,0,0,0,0,0,0,0,1
-2147483648,3,3,160,200,0,5500,2,2018,0,0,0,0,0,0,0,0,0,1
850000000,3,2,90,66,2,2200,2,2013,2,0,0,0,0,0,0,0,0,1
630000000,2,2,72,40,0,1300,1,2018,1,0,0,0,0,0,0,0,0,1
960000000,2,1,119,62,0,2200,1,2018,1,0,0,0,0,0,0,0,0,1
1060000000,3,2,119,74,1,1300,1,2018,1,0,0,0,0,0,0,0,0,1
1440000000,4,2,164,100,1,2200,1,2018,1,0,0,0,0,0,0,0,0,1
525000000,3,1,72,60,1,1300,2,2003,0,0,0,0,0,0,0,0,0,1
1300000000,4,2,120,180,0,3500,2,2018,0,0,0,0,0,0,0,0,0,1
975000000,3,2,100,150,2,2200,2,2022,0,0,0,0,0,0,0,0,0,1
1750000000,3,2,200,150,0,3500,1,2018,0,0,0,0,0,0,0,0,0,1
899000000,3,1,136,93,1,2200,1,2018,1,0,0,0,0,0,0,0,0,1
660000000,2,1,84,41,0,2200,1,2018,1,0,0,0,0,0,0,0,0,1
1250000000,3,3,128,135,2,3160,2,2018,2,0,0,0,0,0,0,0,0,1
630000000,3,2,96,120,2,2200,2,2018,1,0,0,0,0,0,0,0,0,1
385000000,2,1,72,22,0,1300,1,2018,0,0,0,0,0,0,0,0,0,1
-2147483648,4,4,300,400,0,5500,2,2018,2,0,0,0,0,0,0,0,0,1
771000000,2,1,90,47,1,2200,1,2022,0,0,0,0,0,0,0,0,0,1
1180000000,3,2,119,130,0,2200,2,2022,0,0,0,0,0,0,0,0,0,1
-2147483648,3,2,150,150,0,4400,1,2018,0,0,0,0,0,0,0,0,0,1
-2147483648,5,4,389,520,0,5500,1,2018,0,0,0,0,0,0,0,0,0,1
650000000,2,2,108,108,0,1300,1,2018,0,0,0,0,0,0,0,0,0,1
610000000,3,2,90,75,0,2200,1,2018,0,0,0,0,0,0,0,0,0,1
-2147483648,4,4,360,400,0,4400,2,2018,0,0,0,0,0,0,0,0,0,1
650000000,2,1,90,75,1,2200,1,2021,0,0,0,0,0,0,0,0,0,1
650000000,2,1,90,75,1,2200,1,2021,0,0,0,0,0,0,0,0,0,1
700000000,2,1,72,36,0,2200,1,2018,0,0,0,0,0,0,0,0,0,1
1100000000,3,3,120,100,0,2200,2,2018,0,0,0,0,0,0,0,0,0,1
455000000,2,1,72,72,1,1300,1,2022,1,0,0,0,0,0,0,0,0,1
675000000,3,2,72,110,1,2200,2,2022,1,0,0,0,0,0,0,0,0,1
1350000000,3,3,210,200,1,2200,2,2000,1,0,0,0,0,0,0,0,0,1
685000000,3,1,72,65,1,2200,1,2021,1,0,0,0,0,0,0,0,0,1
610000000,3,2,90,75,1,2200,1,1999,1,0,0,0,0,0,0,0,0,1
-2147483648,4,3,100,84,2,2200,3,2018,0,0,0,0,0,0,0,0,0,1
-2147483648,5,7,300,480,2,11000,3,2022,2,0,0,0,0,0,0,0,0,1
-2147483648,5,7,558,760,3,11000,3,2022,2,0,0,0,0,0,0,0,0,1
-2147483648,5,4,365,400,1,4400,1,2012,0,0,0,0,0,0,0,0,0,1
-2147483648,3,3,84,126,1,2200,3,2022,0,0,0,0,0,0,0,0,0,1
-2147483648,3,3,128,144,0,2200,2,2018,1,0,0,0,0,0,0,0,0,1
-2147483648,6,5,396,396,2,3160,2,2018,2,0,0,0,0,0,0,0,0,1
-2147483648,5,5,396,465,2,3160,3,2018,2,0,0,0,0,0,0,0,0,1
1360000000,3,2,112,100,1,2200,2,2018,1,0,0,0,0,0,0,0,0,1
-2147483648,3,3,84,126,0,3160,3,2018,0,0,0,0,0,0,0,0,0,1
-2147483648,3,3,396,396,2,3160,2,2018,2,0,0,0,0,0,0,0,0,1
-2147483648,6,5,499,349,2,3160,2,2018,2,0,0,0,0,0,0,0,0,1
-2147483648,6,5,499,349,2,3160,2,2018,2,0,0,0,0,0,0,0,0,1
-2147483648,5,4,18,22,1,3160,2,2018,0,0,0,0,0,0,0,0,0,1
1900000000,3,3,66,86,1,2200,2,2018,0,0,0,0,0,0,0,0,0,1
-2147483648,4,4,157,270,0,4400,2,2018,1,0,0,0,0,0,0,0,0,1
-2147483648,3,3,128,144,0,2200,2,2018,1,0,0,0,0,0,0,0,0,1
1200000000,2,2,72,71,0,2200,2,2018,1,0,0,0,0,0,0,0,0,1
1590000000,4,3,90,126,1,2200,2,2018,1,0,0,0,0,0,0,0,0,1
-2147483648,5,4,112,180,2,3160,3,2018,0,0,0,0,0,0,0,0,0,1
899000000,2,2,83,50,0,1300,1,2018,1,0,0,0,0,0,0,0,0,1
-2147483648,4,3,169,200,2,5500,2,2018,0,0,0,0,0,0,0,0,0,1
1200000000,3,2,80,80,1,1300,2,2018,1,0,0,0,0,0,0,0,0,1
-2147483648,3,3,250,195,1,2200,2,2018,1,0,0,0,0,0,0,0,0,1
-2147483648,3,3,128,144,1,4400,2,2018,1,0,0,0,0,0,0,0,0,1
796000000,2,1,60,30,1,1300,1,2022,1,0,0,0,0,0,0,0,0,1
-2147483648,4,3,100,84,2,2200,3,2018,0,0,0,0,0,0,0,0,0,1
1000000000,3,2,61,69,2,2200,2,2021,2,0,0,0,0,0,0,0,0,1
-2147483648,4,3,84,126,1,2200,3,2022,0,0,0,0,0,0,0,0,0,1
-2147483648,5,6,265,385,2,7700,3,2022,2,0,0,0,0,0,0,0,0,1
-2147483648,4,6,200,358,2,7700,3,2022,2,0,0,0,0,0,0,0,0,1
-2147483648,4,5,264,485,2,4400,1,2022,2,0,0,0,0,0,0,0,0,1
-2147483648,4,5,136,242,0,4400,1,2022,2,0,0,0,0,0,0,0,0,1
1900000000,4,3,66,86,1,2200,2,2022,0,0,0,0,0,0,0,0,0,1
-2147483648,3,2,220,150,1,5500,1,1992,1,0,0,0,0,0,0,0,0,1
-2147483648,4,4,180,280,2,5500,3,2020,1,0,0,0,0,0,0,0,0,1
-2147483648,5,4,1649,1039,2,11000,2,2013,2,0,0,0,0,0,0,0,0,1
-2147483648,4,4,275,320,1,4400,2,2000,1,0,0,0,0,0,0,0,0,1
665000000,3,2,85,60,1,1300,2,2022,2,0,0,0,0,0,0,0,0,1
-2147483648,5,4,801,1046,3,3160,3,2018,3,0,0,0,0,0,0,0,0,1
1040000000,3,3,63,83,2,3500,2,2022,0,0,0,0,0,0,0,0,0,1
1250000000,3,2,90,65,1,2200,1,2018,0,0,0,0,0,0,0,0,0,1
-2147483648,5,5,684,545,1,3500,3,2020,4,0,0,0,0,0,0,0,0,1
1430000000,3,3,68,80,1,3500,2,2022,0,0,0,0,0,0,0,0,0,1
-2147483648,4,3,853,426,2,11000,2,2018,2,0,0,0,0,0,0,0,0,1
-2147483648,5,6,558,760,3,3300,2,2018,2,0,0,0,0,0,0,0,0,1
-2147483648,3,3,144,200,0,2200,2,2015,0,0,0,0,0,0,0,0,0,1
-2147483648,4,5,136,242,2,4400,3,2022,0,0,0,0,0,0,0,0,0,1
1200000000,3,2,74,69,1,2200,2,2022,2,0,0,0,0,0,0,0,0,1
1500000000,3,3,32,90,2,2200,1,2020,0,0,0,0,0,0,0,0,0,1
1500000000,4,2,32,90,0,2200,3,2017,0,0,0,0,0,0,0,0,0,1
-2147483648,3,3,153,230,2,3500,2,2021,0,0,0,0,0,0,0,0,0,1
1000000000,3,2,74,69,2,2200,2,2022,0,0,0,0,0,0,0,0,0,1
-2147483648,4,3,84,126,1,2200,3,2022,0,0,0,0,0,0,0,0,0,1
1800000000,4,3,66,86,1,2200,2,2022,0,0,0,0,0,0,0,0,0,1
-2147483648,4,5,153,275,2,5500,3,2021,1,0,0,0,0,0,0,0,0,1
-2147483648,4,4,144,177,2,4400,2,2021,0,0,0,0,0,0,0,0,0,1
1420000000,3,2,72,69,1,2200,2,2018,0,0,0,0,0,0,0,0,0,1
-2147483648,3,2,250,200,1,3500,2,2017,0,0,0,0,0,0,0,0,0,1
-2147483648,4,4,220,285,1,7700,2,2018,1,0,0,0,0,0,0,0,0,1
-2147483648,5,4,435,438,2,5500,2,2018,2,0,0,0,0,0,0,0,0,1
-2147483648,4,3,385,450,3,7700,2,2018,1,0,0,0,0,0,0,0,0,1
-2147483648,4,4,136,240,2,3160,3,2018,0,0,0,0,0,0,0,0,0,1
-2147483648,5,7,220,398,2,11000,3,2018,1,0,0,0,0,0,0,0,0,1
-2147483648,4,4,144,177,2,3300,2,2018,0,0,0,0,0,0,0,0,0,1
-2147483648,4,3,265,400,1,11000,2,2018,2,0,0,0,0,0,0,0,0,1
765000000,3,2,60,80,1,2200,2,2022,1,0,0,0,0,0,0,0,0,1
-2147483648,6,6,570,545,2,13300,3,2022,2,0,0,0,0,0,0,0,0,1
-2147483648,4,3,232,150,1,3160,2,2022,0,0,0,0,0,0,0,0,0,1
-2147483648,4,4,540,345,1,7600,2,2015,1,0,0,0,0,0,0,0,0,1
655000000,3,2,68,60,1,1300,2,2022,2,0,0,0,0,0,0,0,0,1
2110000000,4,2,80,78,1,2200,2,2022,0,0,0,0,0,0,0,0,0,1
1750000000,3,2,90,68,0,3160,2,2020,0,0,0,0,0,0,0,0,0,1
-2147483648,5,4,365,400,2,4400,2,2018,1,0,0,0,0,0,0,0,0,1
2000000000,4,3,112,150,2,2200,2,2022,0,0,0,0,0,0,0,0,0,1
1750000000,2,2,60,68,1,2200,2,2022,0,0,0,0,0,0,0,0,0,1
2000000000,3,2,180,100,1,3160,1,2018,1,0,0,0,0,0,0,0,0,1
1750000000,3,2,77,85,1,2200,2,2010,0,0,0,0,0,0,0,0,0,1
-2147483648,5,7,220,398,2,16500,3,2024,1,0,0,0,0,0,0,0,0,1
1660000000,6,6,35,103,0,2200,3,2018,0,0,0,0,0,0,0,0,0,1
935000000,1,2,30,41,1,1300,3,2022,0,0,0,0,0,0,0,0,0,1
1800000000,3,2,90,72,1,2200,2,2018,0,0,0,0,0,0,0,0,0,1
655000000,3,2,61,60,1,1300,2,2022,2,0,0,0,0,0,0,0,0,1
1800000000,3,2,144,180,1,2200,1,2018,0,0,0,0,0,0,0,0,0,1
1320000000,6,2,91,170,1,2200,2,2018,0,0,0,0,0,0,0,0,0,1
1680000000,2,2,123,105,1,2200,2,2018,1,0,0,0,0,0,0,0,0,1
1860000000,3,3,144,100,0,2200,1,2018,1,0,0,0,0,0,0,0,0,1
1320000000,6,2,91,170,0,2200,2,2018,1,0,0,0,0,0,0,0,0,1
1860000000,3,3,144,100,0,2200,1,2018,1,0,0,0,0,0,0,0,0,1
1530000000,2,2,90,95,1,2200,2,2018,0,0,0,0,0,0,0,0,0,1
960000000,3,1,103,90,0,1300,1,2018,1,0,0,0,0,0,0,0,0,1
1800000000,3,2,144,180,0,2200,1,2018,1,0,0,0,0,0,0,0,0,1
1530000000,2,2,90,95,1,2200,2,2018,0,0,0,0,0,0,0,0,0,1
1860000000,3,3,144,100,1,2200,1,2018,1,0,0,0,0,0,0,0,0,1
1320000000,6,2,91,170,0,2200,2,2018,1,0,0,0,0,0,0,0,0,1
1800000000,3,2,144,180,0,2200,1,2018,1,0,0,0,0,0,0,0,0,1
1860000000,3,3,144,100,0,2200,1,2018,1,0,0,0,0,0,0,0,0,1
-2147483648,4,3,117,177,1,3500,2,2018,0,0,0,0,0,0,0,0,0,1
960000000,3,1,103,90,0,1300,1,2018,1,0,0,0,0,0,0,0,0,1
960000000,3,1,103,90,0,1300,1,2018,1,0,0,0,0,0,0,0,0,1
1530000000,2,2,90,95,1,2200,2,2018,0,0,0,0,0,0,0,0,0,1
960000000,3,1,103,90,1,1300,1,2018,1,0,0,0,0,0,0,0,0,1
895000000,3,2,50,65,0,2200,1,2022,0,0,0,0,0,0,0,0,0,1
1680000000,3,2,76,67,0,2200,2,2018,1,0,0,0,0,0,0,0,0,1
-2147483648,4,3,117,177,1,3500,2,2018,0,0,0,0,0,0,0,0,0,1
1680000000,3,2,76,67,1,2200,2,2018,1,0,0,0,0,0,0,0,0,1
1680000000,3,2,76,67,0,2200,2,2018,1,0,0,0,0,0,0,0,0,1
1680000000,3,2,76,67,0,2200,2,2018,1,0,0,0,0,0,0,0,0,1
1590000000,3,2,63,80,1,2200,3,2021,1,0,0,0,0,0,0,0,0,1
1800000000,3,2,144,180,1,2200,1,2018,1,0,0,0,0,0,0,0,0,1
1500000000,3,2,70,71,1,2200,2,1990,0,0,0,0,0,0,0,0,0,1
1200000000,4,2,120,160,2,4400,2,2000,0,0,0,0,0,0,0,0,0,1
1280000000,2,2,200,123,0,2200,1,2018,1,0,0,0,0,0,0,0,0,1
900000000,3,1,81,81,1,2200,1,2018,0,0,0,0,0,0,0,0,0,1
1080000000,2,2,60,65,1,2200,2,2018,0,0,0,0,0,0,0,0,0,1
685000000,3,2,64,60,1,1300,2,2022,0,0,0,0,0,0,0,0,0,1
960000000,2,1,119,62,1,2200,1,2018,0,0,0,0,0,0,0,0,0,1
745000000,2,1,102,46,1,2200,1,2018,0,0,0,0,0,0,0,0,0,1
960000000,2,1,119,62,0,2200,1,2018,1,0,0,0,0,0,0,0,0,1
1060000000,3,2,119,74,1,1300,1,2018,0,0,0,0,0,0,0,0,0,1
960000000,2,1,119,62,0,2200,1,2018,1,0,0,0,0,0,0,0,0,1
1060000000,3,2,119,74,1,1300,1,2018,1,0,0,0,0,0,0,0,0,1
960000000,2,1,119,62,1,2200,1,2018,1,0,0,0,0,0,0,0,0,1
1060000000,3,2,119,74,1,1300,1,2018,0,0,0,0,0,0,0,0,0,1
1060000000,3,2,119,74,1,1300,1,2018,0,0,0,0,0,0,0,0,0,1
1600000000,3,2,128,192,1,2200,2,2018,0,0,0,0,0,0,0,0,0,1
1050000000,3,2,140,80,1,2200,2,2017,1,0,0,0,0,0,0,0,0,1
-2147483648,4,4,180,214,3,3500,2,2022,0,0,0,0,0,0,0,0,0,1
-2147483648,4,3,160,190,2,3500,2,2022,0,0,0,0,0,0,0,0,0,1
1800000000,3,3,180,142,1,5500,2,2020,2,0,0,0,0,0,0,0,0,1
1800000000,3,3,180,142,0,3160,1,2018,0,0,0,0,0,0,0,0,0,1
1020000000,2,2,84,54,1,2200,1,2018,0,0,0,0,0,0,0,0,0,1
1020000000,2,2,84,54,0,1300,1,2018,1,0,0,0,0,0,0,0,0,1
1020000000,2,2,84,54,0,1300,1,2018,1,0,0,0,0,0,0,0,0,1
750000000,3,1,72,57,1,2200,2,2018,0,0,0,0,0,0,0,0,0,1
1020000000,2,2,84,54,0,1300,1,2018,1,0,0,0,0,0,0,0,0,1
1020000000,2,2,84,54,1,1300,1,2018,1,0,0,0,0,0,0,0,0,1
1020000000,2,2,84,54,1,1300,1,2018,1,0,0,0,0,0,0,0,0,1
1020000000,2,2,84,54,0,1300,1,2018,1,0,0,0,0,0,0,0,0,1
969000000,3,2,60,51,2,2200,2,2022,0,0,0,0,0,0,0,0,0,1
755000000,3,2,78,60,1,1300,2,2022,0,0,0,0,0,0,0,0,0,1
800000000,3,2,60,70,2,2200,2,2022,2,0,0,0,0,0,0,0,0,1
-2147483648,3,3,225,120,0,2200,2,2018,0,0,0,0,0,0,0,0,0,1
1060000000,4,3,106,151,0,1300,2,2018,1,0,0,0,0,0,0,0,0,1
-2147483648,2,2,253,138,2,3500,2,2018,0,0,0,0,0,0,0,0,0,1
500000000,2,1,72,50,0,1300,1,2018,1,0,0,0,0,0,0,0,0,1
500000000,2,1,60,36,1,1300,1,2018,0,0,0,0,0,0,0,0,0,1
650000000,2,1,72,36,0,1300,1,2018,0,0,0,0,0,0,0,0,0,1
-2147483648,2,2,253,138,2,3500,2,2018,0,0,0,0,0,0,0,0,0,1
500000000,2,1,60,36,1,1300,1,2018,0,0,0,0,0,0,0,0,0,1
1060000000,4,3,106,151,0,1300,2,2018,1,0,0,0,0,0,0,0,0,1
500000000,2,1,60,36,1,1300,1,2018,0,0,0,0,0,0,0,0,0,1
1060000000,4,3,106,151,1,1300,2,2018,1,0,0,0,0,0,0,0,0,1
650000000,2,1,72,36,0,1300,1,2018,0,0,0,0,0,0,0,0,0,1
1440000000,4,1,164,100,1,2200,1,2018,1,0,0,0,0,0,0,0,0,1
954000000,4,2,72,83,1,2200,2,2021,0,0,0,0,0,0,0,0,0,1
889000000,2,1,72,41,1,2200,1,2018,0,0,0,0,0,0,0,0,0,1
1500000000,3,2,72,120,2,2200,2,2019,0,0,0,0,0,0,0,0,0,1
1300000000,5,3,108,200,2,2200,2,2020,0,0,0,0,0,0,0,0,0,1
800000000,3,2,72,67,0,2200,1,2020,0,0,0,0,0,0,0,0,0,1
625000000,2,1,72,45,1,1300,1,2019,0,0,0,0,0,0,0,0,0,1
832000000,4,2,72,78,1,2200,2,2021,1,0,0,0,0,0,0,0,0,1
648000000,2,1,72,39,0,1300,1,2020,0,0,0,0,0,0,0,0,0,1
720000000,2,1,72,39,0,1300,1,2021,0,0,0,0,0,0,0,0,0,1
843000000,2,2,72,54,1,2200,2,2021,1,0,0,0,0,0,0,0,0,1
600000000,2,1,89,40,0,1300,1,2022,0,0,0,0,0,0,0,0,0,1
1400000000,3,2,120,70,1,2200,1,2018,0,0,0,0,0,0,0,0,0,1
-2147483648,3,3,128,144,0,2200,2,2018,1,0,0,0,0,0,0,0,0,1
-2147483648,4,4,220,285,2,3160,2,2018,2,0,0,0,0,0,0,0,0,1
-2147483648,6,5,336,418,4,3160,2,2018,0,0,0,0,0,0,0,0,0,1
-2147483648,3,2,161,200,0,2200,2,2018,1,0,0,0,0,0,0,0,0,1
-2147483648,3,2,161,200,0,2200,2,2018,1,0,0,0,0,0,0,0,0,1
-2147483648,3,3,128,144,0,2200,2,2018,1,0,0,0,0,0,0,0,0,1
-2147483648,3,2,161,200,1,2200,2,2018,1,0,0,0,0,0,0,0,0,1
-2147483648,3,2,161,200,0,2200,2,2018,1,0,0,0,0,0,0,0,0,1
828000000,3,2,60,62,1,2200,2,2022,1,0,0,0,0,0,0,0,0,1
-2147483648,3,3,225,120,1,3300,2,2018,0,0,0,0,0,0,0,0,0,1
826000000,3,2,84,47,1,2200,1,2022,1,0,0,0,0,0,0,0,0,1
679000000,2,1,72,36,1,2200,1,2022,1,0,0,0,0,0,0,0,0,1
1440000000,4,2,96,110,0,2200,2,2018,1,0,0,0,0,0,0,0,0,1
1020000000,2,1,90,65,0,1300,1,2018,1,0,0,0,0,0,0,0,0,1
660000000,3,2,60,72,1,1300,1,2018,0,0,0,0,0,0,0,0,0,1
660000000,3,2,60,72,1,1300,1,2018,0,0,0,0,0,0,0,0,0,1
1440000000,2,2,120,102,1,1300,1,2018,1,0,0,0,0,0,0,0,0,1
1020000000,2,1,90,65,1,1300,1,2018,1,0,0,0,0,0,0,0,0,1
1020000000,2,1,90,65,0,1300,1,2018,1,0,0,0,0,0,0,0,0,1
-2147483648,4,3,144,176,1,5500,2,2018,1,0,0,0,0,0,0,0,0,1
1440000000,4,2,96,110,0,2200,2,2018,1,0,0,0,0,0,0,0,0,1
660000000,3,2,60,72,1,1300,1,2018,0,0,0,0,0,0,0,0,0,1
660000000,3,2,60,72,1,1300,1,2018,0,0,0,0,0,0,0,0,0,1
1440000000,4,2,96,110,1,2200,2,2018,1,0,0,0,0,0,0,0,0,1
595000000,3,2,63,126,1,900,2,2000,0,0,0,0,0,0,0,0,0,1
770000000,2,2,70,45,1,2200,2,2020,1,0,0,0,0,0,0,0,0,1
825000000,2,2,40,44,1,2200,2,2022,0,0,0,0,0,0,0,0,0,1
1990000000,3,2,120,90,0,2200,2,2020,2,0,0,0,0,0,0,0,0,1
950000000,2,1,96,80,1,1300,1,2009,0,0,0,0,0,0,0,0,0,1
750000000,2,1,90,60,1,1300,1,2010,0,0,0,0,0,0,0,0,0,1
755000000,3,2,78,60,1,1300,2,2022,0,0,0,0,0,0,0,0,0,1
785000000,3,2,85,60,1,1300,2,2022,0,0,0,0,0,0,0,0,0,1
-2147483648,6,6,1340,1500,0,3160,3,2018,0,0,0,0,0,0,0,0,0,1
945000000,4,2,72,83,1,2200,2,2022,1,0,0,0,0,0,0,0,0,1
900000000,4,2,72,83,1,2200,2,2021,0,0,0,0,0,0,0,0,0,1
-2147483648,6,3,210,300,0,4400,2,2018,1,0,0,0,0,0,0,0,0,1
1440000000,2,2,120,102,1,1300,1,2018,0,0,0,0,0,0,0,0,0,1
-2147483648,3,3,120,130,1,2200,2,2018,1,0,0,0,0,0,0,0,0,1
945000000,4,2,72,83,2,2200,2,2022,0,0,0,0,0,0,0,0,0,1
650000000,2,1,72,36,1,1300,1,2018,0,0,0,0,0,0,0,0,0,1
650000000,3,2,72,96,1,1300,2,2018,1,0,0,0,0,0,0,0,0,1
954000000,3,2,72,78,2,2200,2,2018,0,0,0,0,0,0,0,0,0,1
975000000,4,2,72,78,1,2200,2,2022,1,0,0,0,0,0,0,0,0,1
850000000,4,2,135,108,1,2200,2,2018,0,0,0,0,0,0,0,0,0,1
800000000,3,2,60,65,2,2200,2,2022,0,0,0,0,0,0,0,0,0,1
-2147483648,6,3,210,300,1,4400,2,2018,0,0,0,0,0,0,0,0,0,1
1440000000,2,2,120,102,1,1300,1,2018,0,0,0,0,0,0,0,0,0,1
1530000000,2,2,90,95,1,2200,2,2018,0,0,0,0,0,0,0,0,0,1
755000000,3,2,78,60,1,1300,2,2022,0,0,0,0,0,0,0,0,0,1
785000000,3,2,85,60,1,1300,2,2022,0,0,0,0,0,0,0,0,0,1
-2147483648,3,3,120,130,0,2200,2,2018,1,0,0,0,0,0,0,0,0,1
-2147483648,3,3,120,130,0,2200,2,2018,1,0,0,0,0,0,0,0,0,1
450000000,2,2,60,46,0,2200,2,2021,2,0,0,0,0,0,0,0,0,1
630000000,2,2,72,40,0,1300,1,2018,1,0,0,0,0,0,0,0,0,1
500000000,2,1,72,50,1,1300,1,2018,1,0,0,0,0,0,0,0,0,1
630000000,2,2,72,40,1,1300,1,2018,1,0,0,0,0,0,0,0,0,1
520000000,3,1,90,65,0,1300,1,2018,0,0,0,0,0,0,0,0,0,1
1440000000,4,1,164,100,0,2200,1,2018,1,0,0,0,0,0,0,0,0,1
1100000000,2,2,60,63,1,2200,2,2018,0,0,0,0,0,0,0,0,0,1
500000000,2,1,72,50,1,1300,1,2018,1,0,0,0,0,0,0,0,0,1
-2147483648,3,3,105,126,2,2200,2,2021,0,0,0,0,0,0,0,0,0,1
1700000000,3,3,105,126,2,2200,2,2022,0,0,0,0,0,0,0,0,0,1
-2147483648,3,2,300,230,1,3300,2,2018,0,0,0,0,0,0,0,0,0,1
630000000,2,2,72,40,0,1300,1,2018,1,0,0,0,0,0,0,0,0,1
1440000000,4,1,164,100,0,2200,1,2018,1,0,0,0,0,0,0,0,0,1
1440000000,4,2,164,100,1,2200,1,2018,0,0,0,0,0,0,0,0,0,1
2050000000,3,3,180,139,2,3160,2,2018,0,0,0,0,0,0,0,0,0,1
-2147483648,4,4,420,316,2,2200,2,2018,2,0,0,0,0,0,0,0,0,1
630000000,2,2,72,40,1,1300,1,2018,1,0,0,0,0,0,0,0,0,1
960000000,2,1,119,62,1,2200,1,2018,1,0,0,0,0,0,0,0,0,1
-2147483648,4,3,160,190,2,4400,2,2019,0,0,0,0,0,0,0,0,0,1
1850000000,2,2,160,180,0,3500,2,2018,0,0,0,0,0,0,0,0,0,1
968000000,4,2,40,74,1,2200,3,2022,0,0,0,0,0,0,0,0,0,1
-2147483648,3,3,160,134,2,3500,2,2022,0,0,0,0,0,0,0,0,0,1
525000000,3,2,72,72,1,3160,1,2022,1,0,0,0,0,0,0,0,0,1
1900000000,3,3,180,200,1,4400,2,2015,0,0,0,0,0,0,0,0,0,1
1300000000,3,2,54,124,2,4400,3,2020,0,0,0,0,0,0,0,0,0,1
1400000000,3,2,96,112,0,2200,2,2020,0,0,0,0,0,0,0,0,0,1
980000000,2,1,136,84,1,2200,1,2018,0,0,0,0,0,0,0,0,0,1
1000000000,3,2,136,84,1,1300,1,2018,0,0,0,0,0,0,0,0,0,1
1050000000,4,3,77,97,0,2200,2,2020,0,0,0,0,0,0,0,0,0,1
1350000000,2,1,160,81,0,2200,1,2018,0,0,0,0,0,0,0,0,0,1
-2147483648,6,4,474,500,2,23000,2,2018,2,0,0,0,0,0,0,0,0,1
-2147483648,4,4,450,700,0,3160,2,2018,0,0,0,0,0,0,0,0,0,1
-2147483648,4,4,450,700,2,7700,3,2015,2,0,0,0,0,0,0,0,0,1
-2147483648,4,4,450,650,0,3160,2,2018,0,0,0,0,0,0,0,0,0,1
-2147483648,4,4,220,285,1,4400,3,2014,1,0,0,0,0,0,0,0,0,1
-2147483648,6,4,474,500,2,7700,3,2015,2,0,0,0,0,0,0,0,0,1
-2147483648,5,5,630,500,2,7700,3,2015,2,0,0,0,0,0,0,0,0,1
-2147483648,4,5,276,441,2,11000,3,2021,2,0,0,0,0,0,0,0,0,1
-2147483648,4,4,748,500,2,11000,3,2015,2,0,0,0,0,0,0,0,0,1
-2147483648,4,4,276,441,2,3160,3,2021,2,0,0,0,0,0,0,0,0,1
-2147483648,3,3,220,185,2,4400,2,2012,0,0,0,0,0,0,0,0,0,1
1040000000,3,2,72,95,0,2200,2,2018,1,0,0,0,0,0,0,0,0,1
1590000000,4,3,90,126,0,2200,2,2018,1,0,0,0,0,0,0,0,0,1
1590000000,4,3,90,126,0,2200,2,2018,1,0,0,0,0,0,0,0,0,1
1230000000,2,2,71,62,1,2200,2,2020,0,0,0,0,0,0,0,0,0,1
588000000,2,1,72,36,1,1300,1,2022,1,0,0,0,0,0,0,0,0,1
588000000,2,1,72,36,1,1300,1,2022,1,0,0,0,0,0,0,0,0,1
-2147483648,6,3,210,300,1,4400,2,2018,0,0,0,0,0,0,0,0,0,1
-2147483648,2,2,253,138,2,3500,2,2018,0,0,0,0,0,0,0,0,0,1
1440000000,2,2,120,102,1,1300,1,2018,0,0,0,0,0,0,0,0,0,1
1060000000,4,3,106,151,0,1300,2,2018,1,0,0,0,0,0,0,0,0,1
1020000000,2,1,90,65,0,1300,1,2018,1,0,0,0,0,0,0,0,0,1
660000000,3,2,60,72,1,1300,1,2018,0,0,0,0,0,0,0,0,0,1
936000000,4,2,72,83,1,2200,1,2022,1,0,0,0,0,0,0,0,0,1
751000000,2,2,83,68,1,2200,2,2021,0,0,0,0,0,0,0,0,0,1
-2147483648,2,2,273,225,1,2200,2,2005,0,0,0,0,0,0,0,0,0,1
1500000000,4,2,120,180,1,2200,2,2015,0,0,0,0,0,0,0,0,0,1
-2147483648,4,4,409,367,2,11000,2,2017,2,0,0,0,0,0,0,0,0,1
800000000,2,1,81,57,0,1300,1,2018,0,0,0,0,0,0,0,0,0,1
920000000,3,1,60,54,1,1300,2,2018,0,0,0,0,0,0,0,0,0,1
548000000,2,1,50,36,1,1300,1,2022,1,0,0,0,0,0,0,0,0,1
920000000,3,1,60,54,1,1300,2,2018,0,0,0,0,0,0,0,0,0,1
1250000000,2,2,60,75,1,3160,2,2018,0,0,0,0,0,0,0,0,0,1
920000000,3,1,60,54,1,1300,2,2018,0,0,0,0,0,0,0,0,0,1
1200000000,3,2,84,120,0,2200,2,2019,1,0,0,0,0,0,0,0,0,1
1220000000,4,2,72,108,2,4400,2,2015,0,0,0,0,0,0,0,0,0,1
975000000,2,1,72,50,0,2200,1,2010,1,0,0,0,0,0,0,0,0,1
-2147483648,3,3,144,18,2,4400,2,2016,0,0,0,0,0,0,0,0,0,1
-2147483648,3,2,120,180,1,3300,2,2018,1,0,0,0,0,0,0,0,0,1
1370000000,2,2,48,80,1,4400,2,2014,0,0,0,0,0,0,0,0,0,1
1300000000,3,2,63,86,2,2200,2,2013,1,0,0,0,0,0,0,0,0,1
1700000000,2,2,63,100,1,4400,2,2020,0,0,0,0,0,0,0,0,0,1
1490000000,3,2,132,158,1,2200,1,2011,0,0,0,0,0,0,0,0,0,1
755000000,3,2,78,60,1,1300,2,2022,0,0,0,0,0,0,0,0,0,1
785000000,3,2,85,60,1,1300,2,2022,0,0,0,0,0,0,0,0,0,1
1400000000,2,2,66,86,2,4400,2,2018,0,0,0,0,0,0,0,0,0,1
-2147483648,5,3,200,300,0,3160,2,2018,0,0,0,0,0,0,0,0,0,1
-2147483648,4,4,120,120,0,3160,2,2018,0,0,0,0,0,0,0,0,0,1
1900000000,4,3,160,160,0,3160,1,2018,0,0,0,0,0,0,0,0,0,1
-2147483648,3,2,200,200,2,3160,2,2018,0,0,0,0,0,0,0,0,0,1
-2147483648,4,3,112,194,2,3160,3,2018,0,0,0,0,0,0,0,0,0,1
-2147483648,6,3,210,300,1,4400,2,2018,1,0,0,0,0,0,0,0,0,1
1170000000,3,3,75,92,2,2200,2,2022,0,0,0,0,0,0,0,0,0,1
1760000000,3,3,105,126,2,3500,2,2022,0,0,0,0,0,0,0,0,0,1
975000000,4,2,72,72,1,2200,2,2022,1,0,0,0,0,0,0,0,0,1
1890000000,2,2,190,120,1,2200,1,2007,1,0,0,0,0,0,0,0,0,1
845000000,3,2,72,54,1,3160,2,2021,0,0,0,0,0,0,0,0,0,1
1600000000,6,3,140,180,1,2200,2,2020,2,0,0,0,0,0,0,0,0,1
1800000000,10,10,380,600,0,5500,2,2018,0,0,0,0,0,0,0,0,0,1
1120000000,3,2,60,74,1,2200,2,2018,0,0,0,0,0,0,0,0,0,1
2100000000,3,3,257,250,2,2200,2,2021,0,0,0,0,0,0,0,0,0,1
1100000000,2,2,45,120,0,4400,2,2018,0,0,0,0,0,0,0,0,0,1
-2147483648,3,2,225,200,0,3300,1,2016,0,0,0,0,0,0,0,0,0,1
900000000,2,3,70,86,1,3500,2,2022,0,0,0,0,0,0,0,0,0,1
-2147483648,4,3,132,125,2,5500,2,2018,0,0,0,0,0,0,0,0,0,1
-2147483648,3,2,132,125,2,5500,2,2018,0,0,0,0,0,0,0,0,0,1
1300000000,3,2,126,100,1,2200,2,2015,0,0,0,0,0,0,0,0,0,1
485000000,2,1,70,40,1,1300,1,2022,0,0,0,0,0,0,0,0,0,1
-2147483648,3,4,300,240,2,3500,2,2022,6,0,0,0,0,0,0,0,0,1
660000000,3,2,64,60,1,1300,2,2022,0,0,0,0,0,0,0,0,0,1
1400000000,3,3,80,84,2,2200,2,2022,2,0,0,0,0,0,0,0,0,1
1400000000,3,3,60,87,0,2200,2,2022,0,0,0,0,0,0,0,0,0,1
655000000,3,2,64,60,1,1300,2,2022,2,0,0,0,0,0,0,0,0,1
1600000000,3,2,120,70,1,2200,1,2011,0,0,0,0,0,0,0,0,0,1
-2147483648,4,3,210,300,2,3500,2,2018,1,0,0,0,0,0,0,0,0,1
1220000000,3,2,60,60,1,2200,2,2022,0,0,0,0,0,0,0,0,0,1
1670000000,3,1,112,90,1,2200,1,2022,0,0,0,0,0,0,0,0,0,1
1350000000,2,2,90,50,1,2200,1,2018,1,0,0,0,0,0,0,0,0,1
1200000000,2,2,76,56,1,2200,2,2018,0,0,0,0,0,0,0,0,0,1
-2147483648,5,5,154,500,2,7600,3,2018,0,0,0,0,0,0,0,0,0,1
1250000000,3,1,120,100,1,1300,1,2018,0,0,0,0,0,0,0,0,0,1
1490000000,4,2,160,140,2,3500,2,2016,0,0,0,0,0,0,0,0,0,1
-2147483648,3,3,180,257,2,4400,2,2022,0,0,0,0,0,0,0,0,0,1
-2147483648,3,3,180,217,2,4400,2,2018,0,0,0,0,0,0,0,0,0,1
-2147483648,4,3,180,164,2,5500,2,2018,1,0,0,0,0,0,0,0,0,1
-2147483648,4,3,170,181,2,2200,2,2010,0,0,0,0,0,0,0,0,0,1
1750000000,3,2,77,70,1,3160,2,2018,0,0,0,0,0,0,0,0,0,1
-2147483648,3,4,60,120,2,2200,3,2018,0,0,0,0,0,0,0,0,0,1
-2147483648,4,3,72,165,2,2200,3,2018,0,0,0,0,0,0,0,0,0,1
1750000000,3,2,77,70,1,4400,2,2018,0,0,0,0,0,0,0,0,0,1
-2147483648,4,3,135,163,2,3160,2,2018,0,0,0,0,0,0,0,0,0,1
-2147483648,5,4,632,317,2,10600,2,2012,2,0,0,0,0,0,0,0,0,1
-2147483648,3,3,300,600,2,3160,4,2018,2,0,0,0,0,0,0,0,0,1
-2147483648,4,3,292,165,1,2200,2,2018,0,0,0,0,0,0,0,0,0,1
-2147483648,5,3,360,200,1,2200,2,2018,1,0,0,0,0,0,0,0,0,1
-2147483648,7,5,785,470,3,5500,2,2018,2,0,0,0,0,0,0,0,0,1
-2147483648,2,2,120,144,1,7700,2,2018,2,0,0,0,0,0,0,0,0,1
-2147483648,3,3,120,144,1,2200,2,2018,0,0,0,0,0,0,0,0,0,1
-2147483648,3,2,119,92,1,2200,2,2015,0,0,0,0,0,0,0,0,0,1
-2147483648,3,2,120,192,0,4400,2,2018,0,0,0,0,0,0,0,0,0,1
-2147483648,3,3,135,171,0,2200,1,2018,0,0,0,0,0,0,0,0,0,1
1200000000,3,2,80,80,1,1300,2,2018,0,0,0,0,0,0,0,0,0,1
1590000000,3,2,63,80,1,2200,3,2021,1,0,0,0,0,0,0,0,0,1
-2147483648,4,4,163,220,2,4400,3,2020,0,0,0,0,0,0,0,0,0,1
2000000000,4,3,161,150,0,3160,2,2018,0,0,0,0,0,0,0,0,0,1
1100000000,4,3,110,160,0,3160,2,2018,0,0,0,0,0,0,0,0,0,1
-2147483648,3,3,128,240,2,7700,3,2018,1,0,0,0,0,0,0,0,0,1
-2147483648,3,3,128,240,2,7700,3,2017,1,0,0,0,0,0,0,0,0,1
-2147483648,4,3,264,290,2,2200,2,2012,0,0,0,0,0,0,0,0,0,1
-2147483648,10,10,163,170,0,3500,2,2018,0,0,0,0,0,0,0,0,0,1
-2147483648,4,3,180,240,1,3160,2,2018,0,0,0,0,0,0,0,0,0,1
-2147483648,3,3,144,144,1,5500,2,2018,0,0,0,0,0,0,0,0,0,1
-2147483648,4,3,128,190,0,2200,2,2018,0,0,0,0,0,0,0,0,0,1
-2147483648,4,3,264,290,2,2200,2,2018,0,0,0,0,0,0,0,0,0,1
-2147483648,5,4,365,400,1,4400,2,2018,0,0,0,0,0,0,0,0,0,1
-2147483648,5,4,365,400,1,4400,2,2018,1,0,0,0,0,0,0,0,0,1
-2147483648,5,4,365,400,1,4400,2,2018,1,0,0,0,0,0,0,0,0,1
1600000000,2,2,108,108,1,2200,2,2018,0,0,0,0,0,0,0,0,0,1
-2147483648,6,3,210,300,1,4400,2,2018,1,0,0,0,0,0,0,0,0,1
1500000000,3,3,127,90,2,2200,2,2010,0,0,0,0,0,0,0,0,0,1
1400000000,2,2,50,90,1,2200,2,2018,0,0,0,0,0,0,0,0,0,1
1700000000,3,4,135,200,2,2200,2,2012,2,0,0,0,0,0,0,0,0,1
-2147483648,4,3,400,200,3,3300,2,2001,0,0,0,0,0,0,0,0,0,1
-2147483648,4,4,357,450,1,5500,2,2018,0,0,0,0,0,0,0,0,0,1
655000000,3,2,64,60,1,1300,2,2022,2,0,0,0,0,0,0,0,0,1
1700000000,3,3,120,100,2,3500,2,2018,0,0,0,0,0,0,0,0,0,1
2000000000,3,2,98,130,0,2200,2,2022,1,0,0,0,0,0,0,0,0,1
-2147483648,4,3,136,180,0,2200,2,2022,2,0,0,0,0,0,0,0,0,1
2050000000,3,3,98,125,2,2200,2,2018,0,0,0,0,0,0,0,0,0,1
2050000000,3,3,98,125,2,2200,2,2021,0,0,0,0,0,0,0,0,0,1
1130000000,2,1,120,70,1,2200,1,2010,0,0,0,0,0,0,0,0,0,1
1950000000,3,2,224,125,0,2200,1,2018,0,0,0,0,0,0,0,0,0,1
1990000000,3,2,98,130,1,2200,2,2021,0,0,0,0,0,0,0,0,0,1
1990000000,3,2,98,130,1,2200,2,2021,0,0,0,0,0,0,0,0,0,1
1000000000,3,3,155,130,1,2200,1,2020,0,0,0,0,0,0,0,0,0,1
1600000000,2,2,72,65,1,2200,2,2018,0,0,0,0,0,0,0,0,0,1
-2147483648,3,2,180,120,1,3500,2,2018,0,0,0,0,0,0,0,0,0,1
920000000,3,1,60,54,1,1300,2,2018,0,0,0,0,0,0,0,0,0,1
950000000,3,2,55,110,0,2200,2,2018,1,0,0,0,0,0,0,0,0,1
950000000,3,2,55,110,0,2200,2,2005,0,0,0,0,0,0,0,0,0,1
1850000000,4,2,110,200,0,3160,1,2018,0,0,0,0,0,0,0,0,0,1
1590000000,3,2,63,100,1,2200,3,2021,1,0,0,0,0,0,0,0,0,1
1800000000,3,2,130,180,0,1300,2,1995,1,0,0,0,0,0,0,0,0,1
-2147483648,4,4,163,220,0,4400,2,2021,0,0,0,0,0,0,0,0,0,1
920000000,3,1,60,54,1,1300,2,2018,0,0,0,0,0,0,0,0,0,1
900000000,2,1,81,45,1,1300,1,2018,1,0,0,0,0,0,0,0,0,1
-2147483648,4,3,117,177,1,3500,2,2018,0,0,0,0,0,0,0,0,0,1
-2147483648,3,3,120,135,0,3160,2,2018,0,0,0,0,0,0,0,0,0,1
1700000000,4,2,146,300,0,3300,2,2000,2,0,0,0,0,0,0,0,0,1
-2147483648,3,3,87,87,1,4400,2,2018,0,0,0,0,0,0,0,0,0,1
1610000000,7,3,101,101,0,1300,2,2018,5,0,0,0,0,0,0,0,0,1
895000000,2,1,135,90,1,2200,1,2010,0,0,0,0,0,0,0,0,0,1
-2147483648,3,3,144,200,1,3500,2,2018,2,0,0,0,0,0,0,0,0,1
-2147483648,4,3,205,280,0,5500,2,2014,0,0,0,0,0,0,0,0,0,1
-2147483648,3,3,128,140,1,4400,2,2018,0,0,0,0,0,0,0,0,0,1
-2147483648,5,4,203,300,1,2200,2,2018,0,0,0,0,0,0,0,0,0,1
-2147483648,3,3,160,250,1,4400,2,2010,1,0,0,0,0,0,0,0,0,1
-2147483648,4,1,300,280,2,4400,1,1999,0,0,0,0,0,0,0,0,0,1
-2147483648,3,2,90,109,2,2200,2,2021,0,0,0,0,0,0,0,0,0,1
-2147483648,3,3,105,145,2,2200,2,2022,0,0,0,0,0,0,0,0,0,1
-2147483648,3,2,109,145,2,4400,2,2022,2,0,0,0,0,0,0,0,0,1
-2147483648,4,3,105,137,2,2200,2,2022,0,0,0,0,0,0,0,0,0,1
-2147483648,4,4,118,200,1,2200,2,2016,0,0,0,0,0,0,0,0,0,1
1400000000,3,2,60,72,2,3160,2,2022,0,0,0,0,0,0,0,0,0,1
-2147483648,3,2,121,264,2,2200,2,2018,1,0,0,0,0,0,0,0,0,1
-2147483648,3,3,98,114,0,2200,2,2015,0,0,0,0,0,0,0,0,0,1
-2147483648,2,2,316,250,1,6600,2,2018,1,0,0,0,0,0,0,0,0,1
600000000,2,2,72,63,0,2200,2,2021,2,0,0,0,0,0,0,0,0,1
2000000000,3,3,200,175,1,2200,2,2017,0,0,0,0,0,0,0,0,0,1
818000000,3,2,70,72,0,2200,2,2018,0,0,0,0,0,0,0,0,0,1
1940000000,3,3,120,147,2,2200,1,2022,0,0,0,0,0,0,0,0,0,1
1680000000,3,3,105,126,2,2200,2,2022,0,0,0,0,0,0,0,0,0,1
1950000000,7,2,103,206,3,3500,2,2013,0,0,0,0,0,0,0,0,0,1
1780000000,3,3,98,97,2,2200,2,2022,0,0,0,0,0,0,0,0,0,1
1270000000,3,2,105,51,1,2200,1,2022,2,0,0,0,0,0,0,0,0,1
1100000000,3,1,84,51,1,2200,1,2021,0,0,0,0,0,0,0,0,0,1
-2147483648,4,4,553,450,0,7700,2,2014,2,0,0,0,0,0,0,0,0,1
-2147483648,3,2,126,120,1,2200,2,2008,0,0,0,0,0,0,0,0,0,1
-2147483648,4,5,585,425,2,5500,3,2015,2,0,0,0,0,0,0,0,0,1
-2147483648,5,4,300,650,2,16500,3,2016,2,0,0,0,0,0,0,0,0,1
-2147483648,4,4,225,350,3,7700,2,2018,0,0,0,0,0,0,0,0,0,1
636000000,3,2,66,60,1,1300,2,2022,0,0,0,0,0,0,0,0,0,1
1300000000,3,3,80,83,2,3300,2,2022,2,0,0,0,0,0,0,0,0,1
1000000000,3,3,61,80,1,3300,2,2022,2,0,0,0,0,0,0,0,0,1
1250000000,3,2,80,95,2,2200,2,2016,2,0,0,0,0,0,0,0,0,1
337000000,2,1,60,33,1,1300,1,2022,0,0,0,0,0,0,0,0,0,1
550000000,3,2,60,57,1,2200,2,2022,0,0,0,0,0,0,0,0,0,1
550000000,2,1,140,45,1,1300,1,2020,1,0,0,0,0,0,0,0,0,1
-2147483648,3,2,144,212,2,4400,2,2019,0,0,0,0,0,0,0,0,0,1
-2147483648,4,3,128,160,1,4400,2,2018,0,0,0,0,0,0,0,0,0,1
-2147483648,4,3,128,160,1,4400,2,2018,0,0,0,0,0,0,0,0,0,1
-2147483648,4,3,200,350,1,2200,1,2020,2,0,0,0,0,0,0,0,0,1
1750000000,2,1,144,63,1,1300,1,2018,0,0,0,0,0,0,0,0,0,1
-2147483648,4,3,160,400,0,5500,2,2018,2,0,0,0,0,0,0,0,0,1
1400000000,2,1,120,90,1,2200,2,2018,0,0,0,0,0,0,0,0,0,1
1600000000,3,2,70,71,1,2200,2,2018,0,0,0,0,0,0,0,0,0,1
1500000000,3,3,96,90,1,2200,2,2013,0,0,0,0,0,0,0,0,0,1
-2147483648,3,2,237,125,2,3160,2,2018,0,0,0,0,0,0,0,0,0,1
-2147483648,4,3,400,264,0,13200,2,2005,1,0,0,0,0,0,0,0,0,1
-2147483648,6,5,475,300,3,4400,2,2008,2,0,0,0,0,0,0,0,0,1
-2147483648,4,3,200,205,2,3500,2,2002,0,0,0,0,0,0,0,0,0,1
-2147483648,8,3,240,400,3,3500,3,2016,0,0,0,0,0,0,0,0,0,1
2100000000,3,3,108,130,2,2200,2,2022,0,0,0,0,0,0,0,0,0,1
580000000,2,2,72,120,0,1300,1,2018,0,0,0,0,0,0,0,0,0,1
-2147483648,4,4,155,300,1,2200,3,2018,0,0,0,0,0,0,0,0,0,1
550000000,3,2,60,57,0,2200,2,2022,1,0,0,0,0,0,0,0,0,1
-2147483648,6,4,700,800,2,5500,2,2009,2,0,0,0,0,0,0,0,0,1
-2147483648,5,3,286,347,1,7700,2,2012,1,0,0,0,0,0,0,0,0,1
-2147483648,4,4,240,350,2,5500,2,2018,2,0,0,0,0,0,0,0,0,1
-2147483648,4,2,299,300,1,2200,2,2010,0,0,0,0,0,0,0,0,0,1
-2147483648,3,2,300,200,1,2200,2,2010,0,0,0,0,0,0,0,0,0,1
-2147483648,4,4,383,595,2,5500,2,2011,2,0,0,0,0,0,0,0,0,1
-2147483648,4,4,240,240,2,4400,3,2015,2,0,0,0,0,0,0,0,0,1
634000000,3,2,64,60,1,1300,2,2022,0,0,0,0,0,0,0,0,0,1
660000000,3,2,64,60,1,1300,2,2022,0,0,0,0,0,0,0,0,0,1
655000000,3,2,68,60,1,1300,2,2022,2,0,0,0,0,0,0,0,0,1
-2147483648,1,3,108,180,2,7700,2,2018,0,0,0,0,0,0,0,0,0,1
-2147483648,4,4,144,205,1,2200,2,2018,0,0,0,0,0,0,0,0,0,1
875000000,2,2,75,86,1,2200,2,2015,0,0,0,0,0,0,0,0,0,1
-2147483648,3,2,278,200,0,4400,1,2000,0,0,0,0,0,0,0,0,0,1
-2147483648,3,2,278,200,0,4400,1,2000,0,0,0,0,0,0,0,0,0,1
-2147483648,3,2,297,145,2,3500,2,2022,0,0,0,0,0,0,0,0,0,1
-2147483648,6,7,1000,500,2,9500,1,2018,4,0,0,0,0,0,0,0,0,1
-2147483648,4,3,175,220,0,5500,2,2015,2,0,0,0,0,0,0,0,0,1
-2147483648,4,1,625,250,1,2200,1,1988,3,0,0,0,0,0,0,0,0,1
125000000,2,1,60,36,0,3160,1,2018,0,0,0,0,0,0,0,0,0,1
1300000000,3,3,56,140,1,2200,3,2022,0,0,0,0,0,0,0,0,0,1
-2147483648,6,5,450,450,2,4400,3,2017,2,0,0,0,0,0,0,0,0,1
-2147483648,4,3,300,164,1,2200,2,1999,0,0,0,0,0,0,0,0,0,1
1600000000,3,3,60,120,1,2200,3,2018,1,0,0,0,0,0,0,0,0,1
-2147483648,3,3,198,157,2,3500,2,2018,1,0,0,0,0,0,0,0,0,1
-2147483648,4,3,108,134,1,2200,2,2021,0,0,0,0,0,0,0,0,0,1
-2147483648,4,3,108,134,1,2200,2,2021,0,0,0,0,0,0,0,0,0,1
-2147483648,3,2,162,141,1,2200,2,2018,0,0,0,0,0,0,0,0,0,1
-2147483648,5,4,801,1046,3,3160,3,2018,3,0,0,0,0,0,0,0,0,1
-2147483648,4,3,150,200,2,2200,2,2012,1,0,0,0,0,0,0,0,0,1
-2147483648,4,4,240,300,2,2200,2,2021,1,0,0,0,0,0,0,0,0,1
1100000000,2,2,77,140,1,2200,2,2018,0,0,0,0,0,0,0,0,0,1
1300000000,5,3,115,130,1,2200,2,2016,0,0,0,0,0,0,0,0,0,1
-2147483648,4,3,220,250,1,3500,2,2018,0,0,0,0,0,0,0,0,0,1
-2147483648,3,3,225,120,1,2200,2,2018,0,0,0,0,0,0,0,0,0,1
-2147483648,3,3,252,153,1,2200,2,2018,0,0,0,0,0,0,0,0,0,1
1550000000,2,2,60,68,1,2200,2,2018,0,0,0,0,0,0,0,0,0,1
85000000,2,1,60,40,1,1300,1,2020,1,0,0,0,0,0,0,0,0,1
1790000000,2,3,50,62,1,3500,2,2022,0,0,0,0,0,0,0,0,0,1
-2147483648,4,4,776,310,2,5500,2,2018,2,0,0,0,0,0,0,0,0,1
755000000,3,2,78,60,1,1300,2,2022,0,0,0,0,0,0,0,0,0,1
785000000,3,2,85,60,1,1300,2,2022,0,0,0,0,0,0,0,0,0,1
785000000,3,2,85,60,1,1300,2,2022,0,0,0,0,0,0,0,0,0,1
685000000,3,2,64,60,1,1300,2,2022,0,0,0,0,0,0,0,0,0,1
1200000000,3,2,60,78,1,5500,2,2021,0,0,0,0,0,0,0,0,0,1
685000000,3,2,64,60,1,1300,2,2022,0,0,0,0,0,0,0,0,0,1
588000000,2,1,72,36,1,1300,1,2022,1,0,0,0,0,0,0,0,0,1
785000000,3,2,85,60,1,1300,2,2022,0,0,0,0,0,0,0,0,0,1
755000000,3,2,78,60,1,1300,2,2022,0,0,0,0,0,0,0,0,0,1
800000000,3,2,60,65,2,2200,2,2022,0,0,0,0,0,0,0,0,0,1
655000000,3,2,64,60,1,1300,2,2022,2,0,0,0,0,0,0,0,0,1
